p0_opt,Subopt_p0,sseqs_used,number_iters,runtime
1.0,0.0,2.0,1.0,0.0
0.0,0.24788052296232355,6.0,5.0,0.01699995994567871
1.0,0.0,2.0,1.0,0.0
1.0,0.0,2.0,1.0,0.0
0.0,0.5684771643444743,6.0,5.0,0.018000125885009766
0.0,0.06450504095767481,5.0,4.0,0.0
0.0,0.4342112336989075,6.0,5.0,0.0029997825622558594
1.0,0.0,2.0,1.0,0.0
0.0,0.19263675665723617,5.0,4.0,0.016000032424926758
0.0,0.6564345625073158,5.0,4.0,0.0
0.0,1.568203904778934,6.0,5.0,0.01699995994567871
1.0,0.0,2.0,1.0,0.0
0.0,1.2774816994591114,6.0,5.0,0.0
0.0,0.3843849595084878,6.0,5.0,0.014000177383422852
0.0,0.005085680737043022,5.0,4.0,0.0
0.0,0.012999358260991816,6.0,5.0,0.019999980926513672
0.0,0.540761023044182,5.0,4.0,0.005000114440917969
0.0,0.01188212568850662,6.0,5.0,0.006999969482421875
0.0,0.16848066683106688,6.0,5.0,0.006999969482421875
0.0,0.3352244681342474,5.0,4.0,0.005000114440917969
1.0,0.0,2.0,1.0,0.0010001659393310547
1.0,0.0,2.0,1.0,0.0
0.0,0.030354644784815792,6.0,5.0,0.0
0.0,0.41106605635034704,6.0,5.0,0.017999887466430664
0.0,0.38416765122649477,5.0,4.0,0.00800013542175293
1.0,0.0,2.0,1.0,0.0009999275207519531
1.0,0.0,2.0,1.0,0.002000093460083008
0.0,0.0026607988249124533,7.0,6.0,0.00800013542175293
0.0,1.4972780127460958,5.0,4.0,0.0
0.0,0.07063869674110526,6.0,5.0,0.0
1.0,0.0,2.0,1.0,0.014999866485595703
1.0,0.0,2.0,1.0,0.002000093460083008
0.0,0.28251270803453465,6.0,5.0,0.006999969482421875
0.0,0.08786154882492034,6.0,5.0,0.006000041961669922
0.0,0.16458197371359162,5.0,4.0,0.006000041961669922
1.0,0.0,2.0,1.0,0.0009999275207519531
0.0,1.573355959512873,6.0,5.0,0.006999969482421875
0.0,0.4962827004877606,5.0,4.0,0.003999948501586914
0.0,0.014525163180119833,5.0,4.0,0.0
1.0,0.0,2.0,1.0,0.0
1.0,0.0,2.0,1.0,0.0
1.0,0.0,2.0,1.0,0.0
0.0,0.2528070697058111,6.0,5.0,0.02200007438659668
1.0,0.0,2.0,1.0,0.0009999275207519531
0.0,0.35096200461270227,6.0,5.0,0.006000041961669922
0.0,0.7837038095107702,6.0,5.0,0.0070002079010009766
0.0,0.20196876777931336,6.0,5.0,0.006000041961669922
1.0,0.0,2.0,1.0,0.0009999275207519531
1.0,0.0,2.0,1.0,0.002000093460083008
0.0,0.6344958013815949,6.0,5.0,0.007999897003173828
1.0,0.0,2.0,1.0,0.0009999275207519531
0.0,0.2328615914314583,5.0,4.0,0.006000041961669922
0.0,0.2430420087196442,6.0,5.0,0.00800013542175293
1.0,0.0,2.0,1.0,0.0009999275207519531
1.0,0.0,2.0,1.0,0.0009999275207519531
0.0,0.13905859447120136,6.0,5.0,0.0070002079010009766
1.0,0.0,2.0,1.0,0.0
1.0,0.0,2.0,1.0,0.0
0.0,0.43217679237397877,6.0,5.0,0.0
0.0,0.6219900104040609,5.0,4.0,0.014999866485595703
0.0,0.9428012977104824,5.0,4.0,0.0
0.0,0.21138236843838765,5.0,4.0,0.01900005340576172
0.0,0.49898957337071675,6.0,5.0,0.006999969482421875
0.0,0.8696652567707642,5.0,4.0,0.005000114440917969
0.0,0.03633910007308136,6.0,5.0,0.007999897003173828
1.0,0.0,2.0,1.0,0.002000093460083008
1.0,0.0,2.0,1.0,0.0009999275207519531
1.0,0.0,2.0,1.0,0.0010001659393310547
1.0,0.0,2.0,1.0,0.0009999275207519531
0.0,1.2384899588353941,4.0,3.0,0.004000186920166016
1.0,0.0,2.0,1.0,0.0
0.0,1.5943221274097779,4.0,3.0,0.0
0.0,0.6481938110427202,6.0,5.0,0.0
0.0,1.7075896176516785,5.0,4.0,0.0070002079010009766
0.0,0.1034575105590861,6.0,5.0,0.006999969482421875
1.0,0.0,2.0,1.0,0.0009999275207519531
0.0,1.2290502792933866,5.0,4.0,0.006000041961669922
0.0,1.3333338252157152,6.0,5.0,0.006999969482421875
1.0,0.0,2.0,1.0,0.002000093460083008
1.0,0.0,2.0,1.0,0.0009999275207519531
1.0,0.0,2.0,1.0,0.0009999275207519531
0.0,1.469875045470881,5.0,4.0,0.0
1.0,0.0,2.0,1.0,0.0
1.0,0.0,2.0,1.0,0.0
0.0,0.904536081814166,5.0,4.0,0.01699995994567871
0.0,0.7577977471599747,5.0,4.0,0.006000041961669922
1.0,0.0,2.0,1.0,0.0009999275207519531
0.0,0.15918200614799094,6.0,5.0,0.006999969482421875
1.0,0.0,2.0,1.0,0.0009999275207519531
1.0,0.0,2.0,1.0,0.0009999275207519531
1.0,0.0,2.0,1.0,0.0010001659393310547
0.0,0.12197685907722224,6.0,5.0,0.006999969482421875
0.0,0.020132867591489557,6.0,5.0,0.003000020980834961
1.0,0.0,2.0,1.0,0.0
0.0,0.9851408479261542,5.0,4.0,0.0
1.0,0.0,2.0,1.0,0.0
1.0,0.0,2.0,1.0,0.015000104904174805
1.0,0.0,2.0,1.0,0.002000093460083008
1.0,0.0,2.0,1.0,0.002000093460083008
0.0,0.17597199318128223,6.0,5.0,0.006999969482421875
0.0,2.071339937713317,4.0,3.0,0.004999876022338867
1.0,0.0,2.0,1.0,0.002000093460083008
1.0,0.0,2.0,1.0,0.0010001659393310547
0.0,0.13766617559338262,6.0,5.0,0.006999969482421875
0.0,1.1022502098055873,5.0,4.0,0.003999948501586914
1.0,0.0,2.0,1.0,0.0
1.0,0.0,2.0,1.0,0.0
0.0,0.31309700738089635,6.0,5.0,0.0
0.0,0.07449064497822833,6.0,5.0,0.03600001335144043
1.0,0.0,2.0,1.0,0.0
0.0,0.14151019847409568,6.0,5.0,0.0
0.0,1.7573951732356068,6.0,5.0,0.01399993896484375
0.0,0.6575566119267827,4.0,3.0,0.0
1.0,0.0,2.0,1.0,0.0
1.0,0.0,2.0,1.0,0.0
1.0,0.0,2.0,1.0,0.0
0.0,0.9497471372052699,5.0,4.0,0.002000093460083008
0.0,0.04523412336478737,5.0,4.0,0.0
1.0,0.0,2.0,1.0,0.0
1.0,0.0,2.0,1.0,0.0010001659393310547
0.0,0.908691098679399,5.0,4.0,0.006000041961669922
1.0,0.0,2.0,1.0,0.0009999275207519531
1.0,0.0,2.0,1.0,0.0010001659393310547
0.0,1.3206562461613125,6.0,5.0,0.006000041961669922
0.0,0.21354332025414782,6.0,5.0,0.0
0.0,0.15652135107661064,5.0,4.0,0.015999794006347656
0.0,0.15647905363066336,6.0,5.0,0.007999897003173828
0.0,0.4610316413968185,5.0,4.0,0.006000041961669922
1.0,0.0,2.0,1.0,0.0009999275207519531
0.0,0.1834226824819536,5.0,4.0,0.00599980354309082
1.0,0.0,2.0,1.0,0.0010001659393310547
0.0,1.7310843590488714,5.0,4.0,0.005000114440917969
0.0,0.09686474658669413,6.0,5.0,0.003999948501586914
0.0,0.3080703535153711,7.0,6.0,0.0
1.0,0.0,2.0,1.0,0.0
0.0,0.03351166906444397,6.0,5.0,0.020999908447265625
1.0,0.0,2.0,1.0,0.002000093460083008
0.0,1.0857397096652768,5.0,4.0,0.006000041961669922
1.0,0.0,2.0,1.0,0.0009999275207519531
0.0,1.2914221296560606,4.0,3.0,0.005000114440917969
0.0,0.20175324760396388,6.0,5.0,0.006999969482421875
1.0,0.0,2.0,1.0,0.0019998550415039062
1.0,0.0,2.0,1.0,0.0010001659393310547
1.0,0.0,2.0,1.0,0.0009999275207519531
0.0,0.9321894326018976,6.0,5.0,0.002000093460083008
0.0,0.1008898573277858,6.0,5.0,0.0
1.0,0.0,2.0,1.0,0.01699995994567871
0.0,1.2601434029437035,4.0,3.0,0.006000041961669922
0.0,0.2566109286953607,6.0,5.0,0.006999969482421875
0.0,0.17685089285426633,6.0,5.0,0.009000062942504883
0.0,0.9512967803505333,4.0,3.0,0.003999948501586914
0.0,0.23485384116027494,6.0,5.0,0.009999990463256836
1.0,0.0,2.0,1.0,0.002000093460083008
0.0,0.3560988663655511,7.0,6.0,0.01100015640258789
0.0,0.023535660246495237,6.0,5.0,0.009999990463256836
1.0,0.0,2.0,1.0,0.002000093460083008
1.0,0.0,2.0,1.0,0.0019998550415039062
1.0,0.0,2.0,1.0,0.0
0.0,0.13036077786933406,5.0,4.0,0.0
0.0,1.6770635230885809,4.0,3.0,0.0
0.0,0.022177923550119022,5.0,4.0,0.015000104904174805
1.0,0.0,2.0,1.0,0.0
0.0,0.9369754763382434,5.0,4.0,0.0
0.0,0.9273464956254274,5.0,4.0,0.023999929428100586
0.0,2.341027142910595,6.0,5.0,0.006999969482421875
0.0,0.2680654728268177,6.0,5.0,0.007999897003173828
0.0,0.3515039563006388,6.0,5.0,0.006999969482421875
0.0,0.05272424136945673,5.0,4.0,0.004000186920166016
0.0,0.10086632704131228,7.0,6.0,0.0
0.0,1.3650159423063557,5.0,4.0,0.020999908447265625
1.0,0.0,2.0,1.0,0.002000093460083008
1.0,0.0,2.0,1.0,0.0009999275207519531
0.0,0.5417723563080067,5.0,4.0,0.006000041961669922
1.0,0.0,2.0,1.0,0.0009999275207519531
0.0,0.7640335457115827,6.0,5.0,0.006999969482421875
1.0,0.0,2.0,1.0,0.002000093460083008
1.0,0.0,2.0,1.0,0.0009999275207519531
1.0,0.0,2.0,1.0,0.0009999275207519531
1.0,0.0,2.0,1.0,0.002000093460083008
1.0,0.0,2.0,1.0,0.0009999275207519531
0.0,0.06225737984162463,5.0,4.0,0.002000093460083008
1.0,0.0,2.0,1.0,0.0
1.0,0.0,2.0,1.0,0.0
0.0,0.3005560344181125,6.0,5.0,0.015999794006347656
0.0,1.5154716856465131,5.0,4.0,0.006000041961669922
1.0,0.0,2.0,1.0,0.0019998550415039062
1.0,0.0,2.0,1.0,0.0009999275207519531
0.0,1.270743955846638,5.0,4.0,0.005000114440917969
0.0,1.4535428119915825,5.0,4.0,0.018000125885009766
0.0,1.6004774870897438,5.0,4.0,0.0
0.0,0.07413976473495709,5.0,4.0,0.0
0.0,0.006563769791252381,6.0,5.0,0.023999929428100586
0.0,0.5995532009955024,5.0,4.0,0.005000114440917969
1.0,0.0,2.0,1.0,0.0019998550415039062
0.0,0.3830729089129648,4.0,3.0,0.005000114440917969
0.0,1.0159431253907856,5.0,4.0,0.004999876022338867
0.0,0.3197302793105106,5.0,4.0,0.005000114440917969
0.0,0.012613278501741489,6.0,5.0,0.003000020980834961
0.0,0.4012609485568782,6.0,5.0,0.0
0.0,0.1477259669552416,6.0,5.0,0.023000001907348633
0.0,1.1354468039333208,5.0,4.0,0.004999876022338867
1.0,0.0,2.0,1.0,0.0009999275207519531
1.0,0.0,2.0,1.0,0.002000093460083008
1.0,0.0,2.0,1.0,0.003999948501586914
1.0,0.0,2.0,1.0,0.0
0.0,0.8927073407666408,5.0,4.0,0.0
0.0,0.1719758268350547,5.0,4.0,0.014999866485595703
1.0,0.0,2.0,1.0,0.0
1.0,0.0,2.0,1.0,0.0
0.0,0.4419561960555367,6.0,5.0,0.0
0.0,0.009256836915230097,6.0,5.0,0.019999980926513672
1.0,0.0,2.0,1.0,0.0
1.0,0.0,2.0,1.0,0.0
0.0,0.365370615222204,5.0,4.0,0.015000104904174805
1.0,0.0,2.0,1.0,0.0
0.0,0.011910494582154395,6.0,5.0,0.015000104904174805
0.0,0.6768277018433696,4.0,3.0,0.0
0.0,0.013740024923941675,6.0,5.0,0.0
0.0,0.4854764424262752,6.0,5.0,0.021999835968017578
0.0,0.05806586282638414,6.0,5.0,0.006000041961669922
1.0,0.0,2.0,1.0,0.0010001659393310547
0.0,0.9872514661446294,4.0,3.0,0.006000041961669922
0.0,1.2368693867383302,6.0,5.0,0.00599980354309082
1.0,0.0,2.0,1.0,0.0009999275207519531
1.0,0.0,2.0,1.0,0.0009999275207519531
0.0,1.0293624693653098,6.0,5.0,0.003000020980834961
0.0,0.10979588897659631,6.0,5.0,0.0
0.0,0.05833411704229247,6.0,5.0,0.019999980926513672
0.0,0.28743462329534775,6.0,5.0,0.006999969482421875
1.0,0.0,2.0,1.0,0.0009999275207519531
0.0,1.8128850096874896,5.0,4.0,0.006999969482421875
0.0,0.7335016306616048,5.0,4.0,0.006000041961669922
0.0,0.9562476324297658,6.0,5.0,0.006999969482421875
0.0,0.02322754492631263,6.0,5.0,0.0
0.0,2.174681687539324,6.0,5.0,0.020999908447265625
0.0,1.0559309059315825,6.0,5.0,0.006999969482421875
1.0,0.0,2.0,1.0,0.0009999275207519531
0.0,1.7252572766345728,5.0,4.0,0.007999897003173828
0.0,0.01893429271533526,6.0,5.0,0.006999969482421875
1.0,0.0,2.0,1.0,0.002000093460083008
0.0,0.15702290165313626,6.0,5.0,0.003000020980834961
0.0,0.5380998345140212,5.0,4.0,0.0
0.0,0.36708504731949804,5.0,4.0,0.023000001907348633
1.0,0.0,2.0,1.0,0.0009999275207519531
0.0,0.03408555354428375,6.0,5.0,0.006999969482421875
0.0,2.0394416004816227,5.0,4.0,0.00599980354309082
1.0,0.0,2.0,1.0,0.0010001659393310547
0.0,0.07837535954161814,6.0,5.0,0.006999969482421875
1.0,0.0,2.0,1.0,0.002000093460083008
1.0,0.0,2.0,1.0,0.0009999275207519531
0.0,0.7650578303485114,5.0,4.0,0.0
0.0,1.3167572762698674,5.0,4.0,0.015000104904174805
0.0,1.2489517483719168,6.0,5.0,0.009999990463256836
0.0,1.294082925622624,6.0,5.0,0.006999969482421875
0.0,0.22927975981688786,6.0,5.0,0.006999969482421875
0.0,0.13433101318254376,6.0,5.0,0.006000041961669922
0.0,1.8552948289046236,5.0,4.0,0.003999948501586914
0.0,0.09140316680457802,6.0,5.0,0.0
0.0,0.29112916219244345,5.0,4.0,0.026000022888183594
1.0,0.0,2.0,1.0,0.0009999275207519531
0.0,0.06149906947784017,6.0,5.0,0.009000062942504883
0.0,1.69703705793028,6.0,5.0,0.006000041961669922
0.0,0.12367966738507911,6.0,5.0,0.006000041961669922
1.0,0.0,2.0,1.0,0.0
0.0,0.9057236272367499,5.0,4.0,0.0
0.0,1.2144854409250079,5.0,4.0,0.014999866485595703
1.0,0.0,2.0,1.0,0.003000020980834961
0.0,0.165143262466402,6.0,5.0,0.006999969482421875
1.0,0.0,2.0,1.0,0.0010001659393310547
1.0,0.0,2.0,1.0,0.0009999275207519531
0.0,1.4719423375450016,5.0,4.0,0.006000041961669922
0.0,0.17523759404549696,6.0,5.0,0.006999969482421875
1.0,0.0,2.0,1.0,0.0010001659393310547
1.0,0.0,2.0,1.0,0.0009999275207519531
0.0,0.34652716424118085,6.0,5.0,0.005000114440917969
1.0,0.0,2.0,1.0,0.0
0.0,0.05407135645030858,6.0,5.0,0.0
0.0,0.10392031943917422,5.0,4.0,0.016000032424926758
0.0,0.588894562357824,5.0,4.0,0.006999969482421875
1.0,0.0,2.0,1.0,0.0019998550415039062
1.0,0.0,2.0,1.0,0.0010001659393310547
0.0,0.07441963275850931,6.0,5.0,0.006999969482421875
1.0,0.0,2.0,1.0,0.0009999275207519531
0.0,0.8884546611509657,6.0,5.0,0.006000041961669922
0.0,0.720855100642125,6.0,5.0,0.006999969482421875
0.0,0.6649275762337876,4.0,3.0,0.002000093460083008
0.0,0.022941431836435152,6.0,5.0,0.0
1.0,0.0,2.0,1.0,0.0
0.0,0.006672008143507062,6.0,5.0,0.02200007438659668
1.0,0.0,2.0,1.0,0.0009999275207519531
1.0,0.0,2.0,1.0,0.0010001659393310547
0.0,0.04429833380983947,6.0,5.0,0.006999969482421875
1.0,0.0,2.0,1.0,0.003999948501586914
0.0,1.3930087040157686,5.0,4.0,0.0
1.0,0.0,2.0,1.0,0.0
1.0,0.0,2.0,1.0,0.0
1.0,0.0,2.0,1.0,0.0
1.0,0.0,2.0,1.0,0.014999866485595703
0.0,0.01888957557186101,7.0,6.0,0.0
1.0,0.0,2.0,1.0,0.0
1.0,0.0,2.0,1.0,0.0
0.0,1.104103465272028,6.0,5.0,0.02200007438659668
1.0,0.0,2.0,1.0,0.0010001659393310547
0.0,0.10535071003115594,6.0,5.0,0.006000041961669922
1.0,0.0,2.0,1.0,0.0019998550415039062
1.0,0.0,2.0,1.0,0.002000093460083008
1.0,0.0,2.0,1.0,0.0009999275207519531
0.0,0.31680305752238064,5.0,4.0,0.005000114440917969
1.0,0.0,2.0,1.0,0.0009999275207519531
0.0,1.4291837236233138,5.0,4.0,0.006000041961669922
1.0,0.0,2.0,1.0,0.0
1.0,0.0,2.0,1.0,0.0
1.0,0.0,2.0,1.0,0.0
1.0,0.0,2.0,1.0,0.0
0.0,0.91863342741765,5.0,4.0,0.0
1.0,0.0,2.0,1.0,0.0
0.0,0.02526928217106373,6.0,5.0,0.018000125885009766
0.0,0.09892044827428906,6.0,5.0,0.0
0.0,0.09959479997997296,6.0,5.0,0.020999908447265625
1.0,0.0,2.0,1.0,0.002000093460083008
0.0,0.8995319230201353,6.0,5.0,0.006000041961669922
0.0,0.5327234940407961,5.0,4.0,0.003000020980834961
1.0,0.0,2.0,1.0,0.0
0.0,1.3317526247196902,6.0,5.0,0.0
1.0,0.0,2.0,1.0,0.0
1.0,0.0,2.0,1.0,0.014999866485595703
0.0,0.062376402613376916,5.0,4.0,0.006000041961669922
1.0,0.0,2.0,1.0,0.0009999275207519531
0.0,0.5656941407503797,5.0,4.0,0.004999876022338867
1.0,0.0,2.0,1.0,0.002000093460083008
1.0,0.0,2.0,1.0,0.0009999275207519531
0.0,1.4218168592220608,4.0,3.0,0.003999948501586914
0.0,0.33464011554252526,6.0,5.0,0.006999969482421875
1.0,0.0,2.0,1.0,0.0010001659393310547
1.0,0.0,2.0,1.0,0.0019998550415039062
1.0,0.0,2.0,1.0,0.0010001659393310547
1.0,0.0,2.0,1.0,0.0
0.0,0.22781405535278987,5.0,4.0,0.0
1.0,0.0,2.0,1.0,0.0
0.0,2.012457135849781,4.0,3.0,0.0
0.0,0.009609070884421889,7.0,6.0,0.0279998779296875
0.0,0.06085023491224105,6.0,5.0,0.006999969482421875
1.0,0.0,2.0,1.0,0.002000093460083008
0.0,0.055313432593734724,6.0,5.0,0.006999969482421875
1.0,0.0,2.0,1.0,0.0009999275207519531
0.0,0.5387751094651289,5.0,4.0,0.0
1.0,0.0,2.0,1.0,0.0
0.0,0.4295600001966582,5.0,4.0,0.023999929428100586
0.0,0.9228348221372804,6.0,5.0,0.011999845504760742
1.0,0.0,2.0,1.0,0.0010001659393310547
0.0,1.072468531453496,5.0,4.0,0.006000041961669922
0.0,0.4212274980909054,6.0,5.0,0.004999876022338867
1.0,0.0,2.0,1.0,0.0
0.0,0.30351831296067394,5.0,4.0,0.0
0.0,1.1719506652193095,5.0,4.0,0.019999980926513672
0.0,0.4658912797700238,6.0,5.0,0.006999969482421875
0.0,1.1452649047928738,5.0,4.0,0.00599980354309082
0.0,0.9441374735610361,6.0,5.0,0.006999969482421875
0.0,0.9649778594611675,5.0,4.0,0.006000041961669922
0.0,0.0648367503524415,6.0,5.0,0.0019998550415039062
0.0,0.8707540128374615,5.0,4.0,0.015000104904174805
0.0,1.3693293052400972,5.0,4.0,0.006999969482421875
1.0,0.0,2.0,1.0,0.0010001659393310547
1.0,0.0,2.0,1.0,0.0019998550415039062
0.0,0.5476026380741841,6.0,5.0,0.006999969482421875
0.0,0.24591011564340567,6.0,5.0,0.006999969482421875
1.0,0.0,2.0,1.0,0.0009999275207519531
0.0,0.842989521345117,5.0,4.0,0.006000041961669922
0.0,0.4239279296536763,6.0,5.0,0.002000093460083008
0.0,1.785324027495787,5.0,4.0,0.0
0.0,0.28776379479166053,5.0,4.0,0.020999908447265625
1.0,0.0,2.0,1.0,0.002000093460083008
1.0,0.0,2.0,1.0,0.0009999275207519531
1.0,0.0,2.0,1.0,0.0009999275207519531
1.0,0.0,2.0,1.0,0.0010001659393310547
0.0,0.19494706708146772,6.0,5.0,0.007999897003173828
0.0,0.06940441330898982,5.0,4.0,0.005000114440917969
0.0,0.5233465889610454,6.0,5.0,0.006999969482421875
0.0,0.8582097075590992,5.0,4.0,0.002000093460083008
0.0,0.21801536574141853,6.0,5.0,0.014999866485595703
0.0,0.5216789128132047,5.0,4.0,0.00599980354309082
1.0,0.0,2.0,1.0,0.0010001659393310547
0.0,0.1737909052769957,6.0,5.0,0.006999969482421875
0.0,0.9384692234303278,5.0,4.0,0.006000041961669922
0.0,0.2847608303529401,5.0,4.0,0.004999876022338867
0.0,0.3465116410827303,5.0,4.0,0.005000114440917969
0.0,0.8443904968318419,5.0,4.0,0.002000093460083008
0.0,0.5284595646266208,5.0,4.0,0.0
0.0,0.01568876856660179,6.0,5.0,0.018999814987182617
1.0,0.0,2.0,1.0,0.0009999275207519531
1.0,0.0,2.0,1.0,0.002000093460083008
1.0,0.0,2.0,1.0,0.0009999275207519531
1.0,0.0,2.0,1.0,0.002000093460083008
1.0,0.0,2.0,1.0,0.0009999275207519531
0.0,0.3536970664866577,6.0,5.0,0.006999969482421875
1.0,0.0,2.0,1.0,0.0
1.0,0.0,2.0,1.0,0.0
0.0,0.27369508462608505,5.0,4.0,0.0
0.0,0.10143200417358075,6.0,5.0,0.015999794006347656
1.0,0.0,2.0,1.0,0.0
0.0,0.04186213229408419,6.0,5.0,0.019999980926513672
1.0,0.0,2.0,1.0,0.002000093460083008
1.0,0.0,2.0,1.0,0.0009999275207519531
0.0,0.05293668867226063,6.0,5.0,0.006000041961669922
1.0,0.0,2.0,1.0,0.0029997825622558594
0.0,1.0732873534296183,5.0,4.0,0.0009999275207519531
0.0,0.7683838807253752,5.0,4.0,0.01399993896484375
0.0,0.12282542673175978,5.0,4.0,0.0
0.0,0.3911546586220923,5.0,4.0,0.0
0.0,0.005510688857570774,5.0,4.0,0.019999980926513672
1.0,0.0,2.0,1.0,0.0009999275207519531
0.0,1.4195831440976248,6.0,5.0,0.006999969482421875
0.0,0.21763031850367717,6.0,5.0,0.007999897003173828
1.0,0.0,2.0,1.0,0.002000093460083008
1.0,0.0,2.0,1.0,0.0009999275207519531
0.0,0.646821250013014,5.0,4.0,0.006000041961669922
0.0,0.3503534578597306,5.0,4.0,0.003000020980834961
0.0,0.6243448900989134,5.0,4.0,0.0
1.0,0.0,2.0,1.0,0.0
0.0,1.5554508242479292,4.0,3.0,0.020999908447265625
0.0,0.12665279287420847,5.0,4.0,0.01399993896484375
1.0,0.0,2.0,1.0,0.0009999275207519531
1.0,0.0,2.0,1.0,0.0009999275207519531
1.0,0.0,2.0,1.0,0.0009999275207519531
1.0,0.0,2.0,1.0,0.002000093460083008
1.0,0.0,2.0,1.0,0.0009999275207519531
0.0,0.9833425899215957,5.0,4.0,0.006000041961669922
1.0,0.0,2.0,1.0,0.0
0.0,0.22756513516740612,6.0,5.0,0.0
0.0,0.3737958223579364,6.0,5.0,0.016000032424926758
0.0,0.13994773488702428,7.0,6.0,0.007999897003173828
1.0,0.0,2.0,1.0,0.0009999275207519531
0.0,1.01456824522989,6.0,5.0,0.007999897003173828
0.0,0.09894361899864781,6.0,5.0,0.006999969482421875
0.0,0.2965769796804872,6.0,5.0,0.00800013542175293
0.0,0.2850154626870834,6.0,5.0,0.0
0.0,0.8235413996574801,5.0,4.0,0.01399993896484375
1.0,0.0,2.0,1.0,0.002000093460083008
1.0,0.0,2.0,1.0,0.002000093460083008
1.0,0.0,2.0,1.0,0.0009999275207519531
0.0,0.09624945193304069,5.0,4.0,0.005000114440917969
0.0,0.16947950170894585,6.0,5.0,0.006999969482421875
1.0,0.0,2.0,1.0,0.002000093460083008
1.0,0.0,2.0,1.0,0.0009999275207519531
0.0,0.25308478988737954,5.0,4.0,0.005000114440917969
0.0,0.8889592472708002,5.0,4.0,0.004999876022338867
0.0,1.4877983195811937,6.0,5.0,0.002000093460083008
1.0,0.0,2.0,1.0,0.0
1.0,0.0,2.0,1.0,0.0
1.0,0.0,2.0,1.0,0.0
1.0,0.0,2.0,1.0,0.0
1.0,0.0,2.0,1.0,0.0
0.0,0.45122603561589586,6.0,5.0,0.021999835968017578
0.0,0.10438693621297185,6.0,5.0,0.0070002079010009766
1.0,0.0,2.0,1.0,0.0009999275207519531
0.0,1.9362606686306794,6.0,5.0,0.006999969482421875
0.0,1.0176985284049516,4.0,3.0,0.004000186920166016
0.0,1.4108822119847881,6.0,5.0,0.006999969482421875
0.0,1.7856179268854224,5.0,4.0,0.0009999275207519531
0.0,0.4102047392577418,6.0,5.0,0.0
1.0,0.0,2.0,1.0,0.0
0.0,0.24725243263477295,5.0,4.0,0.019999980926513672
1.0,0.0,2.0,1.0,0.002000093460083008
1.0,0.0,2.0,1.0,0.0009999275207519531
1.0,0.0,2.0,1.0,0.0010001659393310547
1.0,0.0,2.0,1.0,0.0009999275207519531
0.0,0.32469329855987067,5.0,4.0,0.005000114440917969
1.0,0.0,2.0,1.0,0.0019998550415039062
1.0,0.0,2.0,1.0,0.0009999275207519531
0.0,0.0295129352255593,5.0,4.0,0.006000041961669922
0.0,0.9266076990711171,5.0,4.0,0.004999876022338867
0.0,0.0003907064651717216,7.0,6.0,0.003000020980834961
1.0,0.0,2.0,1.0,0.0
0.0,0.35852756942939773,6.0,5.0,0.0
1.0,0.0,2.0,1.0,0.0009999275207519531
1.0,0.0,2.0,1.0,0.0009999275207519531
1.0,0.0,2.0,1.0,0.0010001659393310547
1.0,0.0,2.0,1.0,0.0019998550415039062
1.0,0.0,2.0,1.0,0.0010001659393310547
0.0,2.1260626299018788,6.0,5.0,0.006000041961669922
0.0,0.16625518943511053,6.0,5.0,0.006999969482421875
1.0,0.0,2.0,1.0,0.0019998550415039062
1.0,0.0,2.0,1.0,0.0010001659393310547
1.0,0.0,2.0,1.0,0.0019998550415039062
0.0,0.07274253563562487,7.0,6.0,0.006999969482421875
0.0,1.0097600441682566,5.0,4.0,0.0
0.0,0.5818476257425516,6.0,5.0,0.015000104904174805
1.0,0.0,2.0,1.0,0.003000020980834961
0.0,0.02738440214072637,6.0,5.0,0.006999969482421875
0.0,0.4274959077333289,6.0,5.0,0.006999969482421875
0.0,0.356147990090939,6.0,5.0,0.006000041961669922
1.0,0.0,2.0,1.0,0.0019998550415039062
0.0,0.050441716805969046,6.0,5.0,0.006000041961669922
0.0,0.751169575054793,5.0,4.0,0.0010001659393310547
0.0,0.020976248173981613,6.0,5.0,0.0
0.0,1.3096924922921858,4.0,3.0,0.017999887466430664
0.0,2.081037990081973,4.0,3.0,0.004000186920166016
0.0,0.5890633193129935,5.0,4.0,0.00599980354309082
0.0,1.1717161366662614,5.0,4.0,0.0070002079010009766
0.0,0.04993188044682532,6.0,5.0,0.0
1.0,0.0,2.0,1.0,0.0
0.0,0.2830759707469433,5.0,4.0,0.014999866485595703
0.0,0.5665455886600939,6.0,5.0,0.023000001907348633
0.0,0.47764980411028196,5.0,4.0,0.006000041961669922
0.0,0.33665420186695477,5.0,4.0,0.006999969482421875
1.0,0.0,2.0,1.0,0.002000093460083008
0.0,0.09678100820880489,7.0,6.0,0.007999897003173828
0.0,0.013249774287877297,7.0,6.0,0.004000186920166016
0.0,0.11136822085487179,6.0,5.0,0.0
1.0,0.0,2.0,1.0,0.014999866485595703
0.0,0.09520545605040308,6.0,5.0,0.006999969482421875
1.0,0.0,2.0,1.0,0.0009999275207519531
0.0,1.0527046603086534,6.0,5.0,0.007999897003173828
1.0,0.0,2.0,1.0,0.0010001659393310547
0.0,0.030756018839347032,6.0,5.0,0.006000041961669922
0.0,1.5120693333348516,4.0,3.0,0.003999948501586914
1.0,0.0,2.0,1.0,0.0010001659393310547
0.0,0.4518031220620021,6.0,5.0,0.0009999275207519531
0.0,0.6040471167650412,6.0,5.0,0.0
0.0,0.015289044011277198,6.0,5.0,0.021000146865844727
0.0,0.004844861142627224,5.0,4.0,0.004999876022338867
0.0,0.17046038022249765,4.0,3.0,0.004000186920166016
0.0,0.751121021007587,5.0,4.0,0.003999948501586914
1.0,0.0,2.0,1.0,0.0
0.0,0.7610200985241324,6.0,5.0,0.0
0.0,0.640775715640302,5.0,4.0,0.014999866485595703
1.0,0.0,2.0,1.0,0.0
1.0,0.0,2.0,1.0,0.0
1.0,0.0,2.0,1.0,0.0
0.0,1.4852224093181556,5.0,4.0,0.0
0.0,0.11979044973938296,6.0,5.0,0.02200007438659668
0.0,0.08201520804972391,5.0,4.0,0.005000114440917969
1.0,0.0,2.0,1.0,0.002000093460083008
0.0,0.36850283454148913,6.0,5.0,0.007999897003173828
0.0,0.05010556274355519,6.0,5.0,0.006999969482421875
0.0,0.49036297891682135,5.0,4.0,0.005000114440917969
0.0,1.294924674814417,6.0,5.0,0.0
0.0,0.17960452632840596,5.0,4.0,0.0
1.0,0.0,2.0,1.0,0.016000032424926758
0.0,0.9990758488805538,6.0,5.0,0.006999969482421875
1.0,0.0,2.0,1.0,0.0010001659393310547
1.0,0.0,2.0,1.0,0.0019998550415039062
0.0,1.7996617871648368,5.0,4.0,0.006999969482421875
0.0,0.6444649080697821,6.0,5.0,0.006999969482421875
0.0,0.8349814657633379,5.0,4.0,0.006000041961669922
1.0,0.0,2.0,1.0,0.0010001659393310547
1.0,0.0,2.0,1.0,0.0
0.0,1.2798935844487163,5.0,4.0,0.0
1.0,0.0,2.0,1.0,0.0
1.0,0.0,2.0,1.0,0.0
1.0,0.0,2.0,1.0,0.0
1.0,0.0,2.0,1.0,0.0
1.0,0.0,2.0,1.0,0.017999887466430664
1.0,0.0,2.0,1.0,0.003000020980834961
1.0,0.0,2.0,1.0,0.002000093460083008
0.0,0.1181518322289258,5.0,4.0,0.006000041961669922
0.0,0.1083106620870489,6.0,5.0,0.007999897003173828
0.0,0.12060439948927723,5.0,4.0,0.005000114440917969
1.0,0.0,2.0,1.0,0.0009999275207519531
1.0,0.0,2.0,1.0,0.002000093460083008
0.0,1.3407108047096092,6.0,5.0,0.003999948501586914
0.0,0.9741421765722272,5.0,4.0,0.0
0.0,0.03728924739473077,6.0,5.0,0.017999887466430664
1.0,0.0,2.0,1.0,0.0009999275207519531
0.0,0.057417963891583705,6.0,5.0,0.006000041961669922
1.0,0.0,2.0,1.0,0.0009999275207519531
1.0,0.0,2.0,1.0,0.0019998550415039062
0.0,0.3789878563941238,5.0,4.0,0.00800013542175293
0.0,0.49854166056927546,5.0,4.0,0.006000041961669922
0.0,0.35351160271926574,5.0,4.0,0.004999876022338867
1.0,0.0,2.0,1.0,0.0
0.0,0.1223298431746056,6.0,5.0,0.0
0.0,0.939844698092223,4.0,3.0,0.01699995994567871
0.0,0.5309911007267956,4.0,3.0,0.005000114440917969
0.0,1.3745087713824455,4.0,3.0,0.003999948501586914
0.0,0.7842212611821454,5.0,4.0,0.005000114440917969
1.0,0.0,2.0,1.0,0.002000093460083008
0.0,0.12033643755406276,5.0,4.0,0.00800013542175293
1.0,0.0,2.0,1.0,0.0009999275207519531
1.0,0.0,2.0,1.0,0.003999948501586914
0.0,1.589522185352726,6.0,5.0,0.024000167846679688
0.0,0.6192410910366167,6.0,5.0,0.010999917984008789
0.0,1.390017604049061,5.0,4.0,0.017000198364257812
0.0,0.7013968220774476,5.0,4.0,0.0
0.0,0.2796785696781698,6.0,5.0,0.0279998779296875
1.0,0.0,2.0,1.0,0.007999897003173828
1.0,0.0,2.0,1.0,0.0
0.0,1.1037027030639632,5.0,4.0,0.012000083923339844
1.0,0.0,2.0,1.0,0.0
1.0,0.0,2.0,1.0,0.0
0.0,0.6963341106936897,5.0,4.0,0.007999897003173828
0.0,0.3226219722507176,5.0,4.0,0.005000114440917969
1.0,0.0,2.0,1.0,0.0010001659393310547
0.0,0.5328503877507591,6.0,5.0,0.006999969482421875
1.0,0.0,2.0,1.0,0.0010001659393310547
1.0,0.0,2.0,1.0,0.0019998550415039062
0.0,0.7371152717081741,4.0,3.0,0.003999948501586914
0.0,1.756621418998491,5.0,4.0,0.0010001659393310547
0.0,1.1415693594691267,5.0,4.0,0.0
1.0,0.0,2.0,1.0,0.016000032424926758
0.0,0.06522514636609336,6.0,5.0,0.011999845504760742
1.0,0.0,2.0,1.0,0.0010001659393310547
0.0,1.6846171737937883,4.0,3.0,0.003999948501586914
0.0,0.24107024249587353,6.0,5.0,0.00800013542175293
1.0,0.0,2.0,1.0,0.0019998550415039062
0.0,1.0499891865556954,5.0,4.0,0.005000114440917969
0.0,1.5945918833750246,5.0,4.0,0.0
0.0,0.005375667078211729,6.0,5.0,0.016000032424926758
1.0,0.0,2.0,1.0,0.0
1.0,0.0,2.0,1.0,0.0
0.0,0.7951443056342963,5.0,4.0,0.015000104904174805
1.0,0.0,2.0,1.0,0.0
0.0,0.6728890366470204,4.0,3.0,0.0
0.0,0.15479508443701184,5.0,4.0,0.014999866485595703
1.0,0.0,2.0,1.0,0.0
0.0,0.36464496325173973,5.0,4.0,0.00800013542175293
1.0,0.0,2.0,1.0,0.003000020980834961
1.0,0.0,2.0,1.0,0.003999948501586914
0.0,0.16445968958844095,6.0,5.0,0.013000011444091797
0.0,0.6302329773306492,4.0,3.0,0.0070002079010009766
1.0,0.0,2.0,1.0,0.0019998550415039062
1.0,0.0,2.0,1.0,0.0009999275207519531
0.0,0.3553095237366468,6.0,5.0,0.006000041961669922
0.0,1.1467768611719378,6.0,5.0,0.0
1.0,0.0,2.0,1.0,0.0
0.0,0.7381071789770962,5.0,4.0,0.019999980926513672
1.0,0.0,2.0,1.0,0.0009999275207519531
0.0,1.2355811005346335,5.0,4.0,0.005000114440917969
0.0,0.03348229810115603,7.0,6.0,0.009000062942504883
1.0,0.0,2.0,1.0,0.0009999275207519531
1.0,0.0,2.0,1.0,0.0009999275207519531
1.0,0.0,2.0,1.0,0.0010001659393310547
0.0,0.069557167372766,6.0,5.0,0.006000041961669922
1.0,0.0,2.0,1.0,0.002000093460083008
1.0,0.0,2.0,1.0,0.0
1.0,0.0,2.0,1.0,0.0
0.0,0.1269992713026643,6.0,5.0,0.0
1.0,0.0,2.0,1.0,0.0
1.0,0.0,2.0,1.0,0.015999794006347656
1.0,0.0,2.0,1.0,0.003000020980834961
0.0,1.0137242417705494,5.0,4.0,0.005000114440917969
0.0,0.480954252718675,5.0,4.0,0.005000114440917969
0.0,0.18598654114776153,6.0,5.0,0.007999897003173828
0.0,0.7702559801218579,4.0,3.0,0.004000186920166016
0.0,0.44622776983354107,5.0,4.0,0.004999876022338867
0.0,1.582549782913636,5.0,4.0,0.002000093460083008
1.0,0.0,2.0,1.0,0.0
0.0,0.03342279894789674,6.0,5.0,0.0
0.0,0.8004917760204024,6.0,5.0,0.020999908447265625
0.0,0.1937797940064518,5.0,4.0,0.006000041961669922
0.0,1.5327340145439037,4.0,3.0,0.003999948501586914
0.0,0.8159696631393246,6.0,5.0,0.009000062942504883
0.0,0.43871335035553777,5.0,4.0,0.004999876022338867
0.0,0.005770022983240761,7.0,6.0,0.006000041961669922
0.0,0.681171591335878,6.0,5.0,0.0
1.0,0.0,2.0,1.0,0.0
0.0,0.08967693227743907,6.0,5.0,0.021000146865844727
1.0,0.0,2.0,1.0,0.0009999275207519531
0.0,0.5039755479155861,5.0,4.0,0.004999876022338867
1.0,0.0,2.0,1.0,0.0009999275207519531
0.0,0.7691493929486908,6.0,5.0,0.01699995994567871
0.0,0.1686762373618701,5.0,4.0,0.003000020980834961
0.0,0.02803014234869201,6.0,5.0,0.0
1.0,0.0,2.0,1.0,0.0
1.0,0.0,2.0,1.0,0.0
1.0,0.0,2.0,1.0,0.01699995994567871
1.0,0.0,2.0,1.0,0.002000093460083008
1.0,0.0,2.0,1.0,0.0009999275207519531
0.0,0.8299140426882473,6.0,5.0,0.0070002079010009766
0.0,1.1939033644888588,5.0,4.0,0.006000041961669922
1.0,0.0,2.0,1.0,0.0009999275207519531
1.0,0.0,2.0,1.0,0.0010001659393310547
0.0,0.3453724365881732,6.0,5.0,0.006999969482421875
0.0,2.17003449127351,5.0,4.0,0.004999876022338867
0.0,0.48278439801264855,5.0,4.0,0.0
0.0,0.19943263064635908,5.0,4.0,0.0
1.0,0.0,2.0,1.0,0.0
0.0,0.058532683277936766,7.0,6.0,0.023000001907348633
0.0,0.051646077862838514,6.0,5.0,0.006000041961669922
0.0,0.7764618468317195,4.0,3.0,0.005000114440917969
1.0,0.0,2.0,1.0,0.0
0.0,0.5734653436728342,6.0,5.0,0.0
0.0,0.7548336148138964,5.0,4.0,0.015000104904174805
1.0,0.0,2.0,1.0,0.0
0.0,0.42028131111413697,5.0,4.0,0.0
0.0,0.3695911953386104,5.0,4.0,0.0
0.0,1.0110024029697442,5.0,4.0,0.006999969482421875
0.0,0.009593363723479003,5.0,4.0,0.004999876022338867
0.0,1.2184167967957613,5.0,4.0,0.006000041961669922
0.0,0.21886010483877563,6.0,5.0,0.006999969482421875
0.0,0.32218290268351557,5.0,4.0,0.005000114440917969
1.0,0.0,2.0,1.0,0.0009999275207519531
0.0,1.3030345985805691,6.0,5.0,0.002000093460083008
0.0,0.5295250463974176,5.0,4.0,0.0
1.0,0.0,2.0,1.0,0.0
0.0,0.7583130169445583,5.0,4.0,0.01900005340576172
1.0,0.0,2.0,1.0,0.0019998550415039062
0.0,0.2794031632271053,5.0,4.0,0.005000114440917969
1.0,0.0,2.0,1.0,0.002000093460083008
0.0,1.3862054376864323,4.0,3.0,0.003999948501586914
1.0,0.0,2.0,1.0,0.0009999275207519531
1.0,0.0,2.0,1.0,0.002000093460083008
0.0,0.04244736391369533,7.0,6.0,0.007999897003173828
0.0,0.03383488176462469,5.0,4.0,0.003999948501586914
0.0,0.2474810911268056,5.0,4.0,0.0
0.0,0.2350232971210317,6.0,5.0,0.0
1.0,0.0,2.0,1.0,0.016000032424926758
0.0,0.3718181729482117,5.0,4.0,0.005000114440917969
0.0,2.2205260415408303,5.0,4.0,0.004999876022338867
0.0,1.227318044859028,4.0,3.0,0.006000041961669922
1.0,0.0,2.0,1.0,0.0019998550415039062
0.0,0.0012870299101092812,7.0,6.0,0.00800013542175293
0.0,0.06394837572224184,6.0,5.0,0.003999948501586914
0.0,0.3475069764480075,6.0,5.0,0.0
0.0,0.46882309215886664,5.0,4.0,0.016000032424926758
1.0,0.0,2.0,1.0,0.0010001659393310547
0.0,0.10164386926565443,6.0,5.0,0.006999969482421875
1.0,0.0,2.0,1.0,0.002000093460083008
0.0,0.08936917686250562,6.0,5.0,0.011999845504760742
0.0,0.5159173181137333,6.0,5.0,0.0
1.0,0.0,2.0,1.0,0.009999990463256836
1.0,0.0,2.0,1.0,0.0
0.0,0.5139191762040172,5.0,4.0,0.0
0.0,0.20553629807474838,5.0,4.0,0.0
0.0,0.0538835549887546,6.0,5.0,0.023000001907348633
0.0,0.9531729083221561,5.0,4.0,0.004999876022338867
1.0,0.0,2.0,1.0,0.0010001659393310547
0.0,0.7625655165446213,5.0,4.0,0.006000041961669922
0.0,0.4586195201697815,5.0,4.0,0.006000041961669922
0.0,1.4452547211975126,5.0,4.0,0.006000041961669922
1.0,0.0,2.0,1.0,0.0
1.0,0.0,2.0,1.0,0.0
0.0,1.2244910049944815,5.0,4.0,0.0
1.0,0.0,2.0,1.0,0.0
0.0,0.14535948882691274,6.0,5.0,0.019999980926513672
0.0,0.04869830957119109,5.0,4.0,0.014999866485595703
0.0,0.13460082507064086,7.0,6.0,0.009000062942504883
1.0,0.0,2.0,1.0,0.0009999275207519531
0.0,1.0501020496649958,5.0,4.0,0.003000020980834961
1.0,0.0,2.0,1.0,0.0
1.0,0.0,2.0,1.0,0.0
1.0,0.0,2.0,1.0,0.0
1.0,0.0,2.0,1.0,0.0
0.0,1.0294965837052537,6.0,5.0,0.017999887466430664
1.0,0.0,2.0,1.0,0.0010001659393310547
0.0,0.43117196463972646,5.0,4.0,0.005000114440917969
1.0,0.0,2.0,1.0,0.0019998550415039062
0.0,1.0209388859109223,5.0,4.0,0.006000041961669922
0.0,0.08095625031329147,6.0,5.0,0.006999969482421875
1.0,0.0,2.0,1.0,0.0010001659393310547
0.0,0.09938842028138078,6.0,5.0,0.006000041961669922
0.0,0.25714244656699914,6.0,5.0,0.0
0.0,0.05428984126540344,6.0,5.0,0.01699995994567871
1.0,0.0,2.0,1.0,0.0010001659393310547
0.0,0.4605083010313144,6.0,5.0,0.006000041961669922
1.0,0.0,2.0,1.0,0.0019998550415039062
1.0,0.0,2.0,1.0,0.0010001659393310547
0.0,0.6105293008201487,6.0,5.0,0.006999969482421875
1.0,0.0,2.0,1.0,0.0009999275207519531
1.0,0.0,2.0,1.0,0.002000093460083008
1.0,0.0,2.0,1.0,0.0009999275207519531
1.0,0.0,2.0,1.0,0.002000093460083008
0.0,0.3962396032071724,5.0,4.0,0.004999876022338867
0.0,0.4656024864842843,5.0,4.0,0.0009999275207519531
0.0,0.01716715887151497,6.0,5.0,0.016000032424926758
0.0,0.3681267420031897,5.0,4.0,0.006000041961669922
1.0,0.0,2.0,1.0,0.002000093460083008
1.0,0.0,2.0,1.0,0.0009999275207519531
0.0,0.16738949852933696,6.0,5.0,0.00800013542175293
1.0,0.0,2.0,1.0,0.002000093460083008
1.0,0.0,2.0,1.0,0.002000093460083008
0.0,0.13288580235065306,6.0,5.0,0.007999897003173828
0.0,0.9208912498622259,5.0,4.0,0.0009999275207519531
1.0,0.0,2.0,1.0,0.0
1.0,0.0,2.0,1.0,0.0
1.0,0.0,2.0,1.0,0.0
0.0,0.4118557725184677,5.0,4.0,0.018000125885009766
0.0,0.4288260045367979,7.0,6.0,0.009000062942504883
1.0,0.0,2.0,1.0,0.0009999275207519531
1.0,0.0,2.0,1.0,0.0009999275207519531
0.0,0.09284537522855739,6.0,5.0,0.006000041961669922
0.0,1.1095410958982295,5.0,4.0,0.0
1.0,0.0,2.0,1.0,0.0
1.0,0.0,2.0,1.0,0.0
1.0,0.0,2.0,1.0,0.014000177383422852
1.0,0.0,2.0,1.0,0.0
1.0,0.0,2.0,1.0,0.0
0.0,1.4048410992345093,5.0,4.0,0.0
0.0,1.5919124871639685,5.0,4.0,0.0
0.0,0.35737108561759606,5.0,4.0,0.006999969482421875
1.0,0.0,2.0,1.0,0.0009999275207519531
0.0,0.7227323183016221,5.0,4.0,0.006000041961669922
1.0,0.0,2.0,1.0,0.002000093460083008
0.0,0.0855898792174599,5.0,4.0,0.004999876022338867
1.0,0.0,2.0,1.0,0.0010001659393310547
0.0,0.002283286613136202,6.0,5.0,0.006999969482421875
0.0,0.16701739961581408,5.0,4.0,0.0019998550415039062
1.0,0.0,2.0,1.0,0.0
0.0,1.1953962916509968,6.0,5.0,0.0
1.0,0.0,2.0,1.0,0.018000125885009766
0.0,0.6329508207586959,5.0,4.0,0.006000041961669922
0.0,0.5927779955187852,5.0,4.0,0.005000114440917969
1.0,0.0,2.0,1.0,0.0019998550415039062
1.0,0.0,2.0,1.0,0.002000093460083008
0.0,0.25459393993232726,6.0,5.0,0.006999969482421875
0.0,0.09534589183652928,6.0,5.0,0.006999969482421875
1.0,0.0,2.0,1.0,0.003000020980834961
1.0,0.0,2.0,1.0,0.0
0.0,0.4544701925933903,6.0,5.0,0.0
0.0,0.177407437801565,6.0,5.0,0.015999794006347656
0.0,0.09881113702467888,6.0,5.0,0.0
0.0,0.12233147858425844,6.0,5.0,0.021000146865844727
1.0,0.0,2.0,1.0,0.0009999275207519531
1.0,0.0,2.0,1.0,0.002000093460083008
1.0,0.0,2.0,1.0,0.0009999275207519531
0.0,0.814722027395503,5.0,4.0,0.004999876022338867
0.0,0.05119953519116911,6.0,5.0,0.0
0.0,0.8089363668912481,6.0,5.0,0.01699995994567871
0.0,1.7345164450860477,5.0,4.0,0.006000041961669922
1.0,0.0,2.0,1.0,0.002000093460083008
0.0,0.6792407009607488,4.0,3.0,0.01399993896484375
1.0,0.0,2.0,1.0,0.0010001659393310547
0.0,0.10360579437696339,6.0,5.0,0.006999969482421875
0.0,0.04519113275357011,6.0,5.0,0.0
1.0,0.0,2.0,1.0,0.0
1.0,0.0,2.0,1.0,0.0
1.0,0.0,2.0,1.0,0.0
1.0,0.0,2.0,1.0,0.0
1.0,0.0,2.0,1.0,0.0
0.0,0.50911095298054,5.0,4.0,0.0019998550415039062
1.0,0.0,2.0,1.0,0.0
0.0,0.040789360301700016,6.0,5.0,0.0
0.0,0.697873746434352,5.0,4.0,0.023000001907348633
0.0,0.3497332808242128,6.0,5.0,0.0070002079010009766
0.0,1.8282682103456727,5.0,4.0,0.003000020980834961
0.0,0.7857838904996461,5.0,4.0,0.0
1.0,0.0,2.0,1.0,0.0
0.0,2.548000878364923,6.0,5.0,0.019999980926513672
0.0,0.0025791668145235583,6.0,5.0,0.006999969482421875
1.0,0.0,2.0,1.0,0.0009999275207519531
0.0,0.1014533333844341,6.0,5.0,0.006999969482421875
1.0,0.0,2.0,1.0,0.002000093460083008
0.0,0.15680684059140826,5.0,4.0,0.005000114440917969
1.0,0.0,2.0,1.0,0.0009999275207519531
1.0,0.0,2.0,1.0,0.002000093460083008
1.0,0.0,2.0,1.0,0.0019998550415039062
1.0,0.0,2.0,1.0,0.0
0.0,0.2099750026633883,4.0,3.0,0.0
1.0,0.0,2.0,1.0,0.0
1.0,0.0,2.0,1.0,0.0
0.0,0.01549615910309309,6.0,5.0,0.018000125885009766
0.0,0.5662533263184061,5.0,4.0,0.006000041961669922
1.0,0.0,2.0,1.0,0.0009999275207519531
0.0,0.0043182855983033295,6.0,5.0,0.006000041961669922
0.0,1.192847792729656,6.0,5.0,0.009000062942504883
1.0,0.0,2.0,1.0,0.0009999275207519531
0.0,0.05240324888239593,4.0,3.0,0.004000186920166016
1.0,0.0,2.0,1.0,0.0009999275207519531
1.0,0.0,2.0,1.0,0.0010001659393310547
0.0,0.007317175143682062,6.0,5.0,0.0
0.0,0.09547342115511544,5.0,4.0,0.0
0.0,0.7056142582456947,6.0,5.0,0.020999908447265625
0.0,0.563205448651938,5.0,4.0,0.006000041961669922
1.0,0.0,2.0,1.0,0.0009999275207519531
1.0,0.0,2.0,1.0,0.0010001659393310547
0.0,0.8820854125298209,5.0,4.0,0.006999969482421875
1.0,0.0,2.0,1.0,0.0019998550415039062
0.0,0.5723793596365716,5.0,4.0,0.005000114440917969
0.0,0.23329022452777912,5.0,4.0,0.005000114440917969
1.0,0.0,2.0,1.0,0.0
0.0,1.35631257504612,6.0,5.0,0.0
0.0,0.05782219421719993,6.0,5.0,0.01699995994567871
1.0,0.0,2.0,1.0,0.002000093460083008
0.0,1.3027720620130891,5.0,4.0,0.004999876022338867
1.0,0.0,2.0,1.0,0.0010001659393310547
0.0,0.5194497085163199,5.0,4.0,0.004999876022338867
0.0,1.882494873833833,4.0,3.0,0.005000114440917969
0.0,0.11673877599056036,4.0,3.0,0.003999948501586914
1.0,0.0,2.0,1.0,0.002000093460083008
1.0,0.0,2.0,1.0,0.0009999275207519531
1.0,0.0,2.0,1.0,0.0009999275207519531
1.0,0.0,2.0,1.0,0.0010001659393310547
0.0,1.59772428974207,4.0,3.0,0.003000020980834961
0.0,0.2732747740950558,6.0,5.0,0.0
1.0,0.0,2.0,1.0,0.0
1.0,0.0,2.0,1.0,0.0
0.0,0.20719423474557072,6.0,5.0,0.023000001907348633
0.0,1.4452973070350732,5.0,4.0,0.005000114440917969
1.0,0.0,2.0,1.0,0.0019998550415039062
1.0,0.0,2.0,1.0,0.0010001659393310547
0.0,0.14322874872052518,6.0,5.0,0.003999948501586914
0.0,0.08990210906933747,6.0,5.0,0.0
1.0,0.0,2.0,1.0,0.014000177383422852
1.0,0.0,2.0,1.0,0.0
0.0,0.32432218736053764,6.0,5.0,0.0
1.0,0.0,2.0,1.0,0.0
0.0,1.4173504424679217,5.0,4.0,0.019999980926513672
0.0,0.4038755264606807,5.0,4.0,0.004999876022338867
0.0,0.07385833474933579,6.0,5.0,0.0070002079010009766
1.0,0.0,2.0,1.0,0.0009999275207519531
0.0,0.03647882313820185,5.0,4.0,0.005000114440917969
1.0,0.0,2.0,1.0,0.0019998550415039062
0.0,0.07932494654537223,6.0,5.0,0.006000041961669922
0.0,0.06931461768334224,6.0,5.0,0.0010001659393310547
0.0,0.017378521545921666,7.0,6.0,0.02499985694885254
0.0,0.03838210096073567,6.0,5.0,0.00800013542175293
1.0,0.0,2.0,1.0,0.0009999275207519531
0.0,1.721861007862607,5.0,4.0,0.006000041961669922
1.0,0.0,2.0,1.0,0.0009999275207519531
0.0,0.047062032573277714,6.0,5.0,0.006999969482421875
1.0,0.0,2.0,1.0,0.0010001659393310547
0.0,1.4710474907571827,5.0,4.0,0.0
0.0,0.12678577800173027,6.0,5.0,0.0
0.0,0.782537775361043,5.0,4.0,0.019999980926513672
0.0,0.3206611028962712,6.0,5.0,0.006000041961669922
1.0,0.0,2.0,1.0,0.0009999275207519531
0.0,0.2989056040573233,6.0,5.0,0.0070002079010009766
1.0,0.0,2.0,1.0,0.0009999275207519531
0.0,0.2861322247536993,6.0,5.0,0.006999969482421875
1.0,0.0,2.0,1.0,0.0010001659393310547
1.0,0.0,2.0,1.0,0.0009999275207519531
0.0,1.310309961711319,5.0,4.0,0.002000093460083008
1.0,0.0,2.0,1.0,0.0
1.0,0.0,2.0,1.0,0.0
1.0,0.0,2.0,1.0,0.0
0.0,0.022072306849520214,5.0,4.0,0.0
0.0,0.7551240613745508,5.0,4.0,0.00599980354309082
0.0,0.15573440455801438,6.0,5.0,0.006000041961669922
0.0,0.053521909230467596,6.0,5.0,0.007999897003173828
1.0,0.0,2.0,1.0,0.0010001659393310547
0.0,0.05532803038147349,6.0,5.0,0.006000041961669922
1.0,0.0,2.0,1.0,0.0009999275207519531
1.0,0.0,2.0,1.0,0.002000093460083008
1.0,0.0,2.0,1.0,0.0
1.0,0.0,2.0,1.0,0.0
0.0,0.025576062889144956,6.0,5.0,0.0
1.0,0.0,2.0,1.0,0.0
1.0,0.0,2.0,1.0,0.016000032424926758
0.0,0.382153002888523,6.0,5.0,0.006999969482421875
1.0,0.0,2.0,1.0,0.0010001659393310547
0.0,0.6886071612113833,6.0,5.0,0.00599980354309082
0.0,1.6148892693598935,4.0,3.0,0.006000041961669922
1.0,0.0,2.0,1.0,0.0009999275207519531
1.0,0.0,2.0,1.0,0.0009999275207519531
0.0,0.17942204081242455,6.0,5.0,0.006000041961669922
0.0,1.635402304924437,6.0,5.0,0.003000020980834961
0.0,0.030759590934996767,6.0,5.0,0.0
0.0,0.01669397555478679,6.0,5.0,0.018999814987182617
0.0,0.8575881267915569,6.0,5.0,0.00599980354309082
0.0,0.6916746298927683,6.0,5.0,0.009000062942504883
0.0,0.20964816304722672,6.0,5.0,0.006999969482421875
1.0,0.0,2.0,1.0,0.002000093460083008
1.0,0.0,2.0,1.0,0.0019998550415039062
1.0,0.0,2.0,1.0,0.0010001659393310547
0.0,1.8757631741382705,5.0,4.0,0.0009999275207519531
1.0,0.0,2.0,1.0,0.0
1.0,0.0,2.0,1.0,0.0
0.0,0.16926232021420065,6.0,5.0,0.017000198364257812
1.0,0.0,2.0,1.0,0.0019998550415039062
1.0,0.0,2.0,1.0,0.0010001659393310547
1.0,0.0,2.0,1.0,0.0019998550415039062
0.0,2.3591656950258844,5.0,4.0,0.006000041961669922
0.0,0.025281192539602492,6.0,5.0,0.00800013542175293
1.0,0.0,2.0,1.0,0.0009999275207519531
1.0,0.0,2.0,1.0,0.002000093460083008
0.0,0.7830676462363159,5.0,4.0,0.004999876022338867
1.0,0.0,2.0,1.0,0.0010001659393310547
0.0,1.158276380092694,6.0,5.0,0.002000093460083008
1.0,0.0,2.0,1.0,0.0
0.0,0.09366116307999121,6.0,5.0,0.0
0.0,1.0993131777882605,5.0,4.0,0.019999980926513672
0.0,0.4005798816755018,4.0,3.0,0.003000020980834961
1.0,0.0,2.0,1.0,0.0010001659393310547
0.0,0.809999439540609,5.0,4.0,0.004999876022338867
0.0,0.06841448620681069,6.0,5.0,0.006999969482421875
0.0,0.32008098026568244,6.0,5.0,0.0070002079010009766
1.0,0.0,2.0,1.0,0.0019998550415039062
0.0,0.7297736521037186,6.0,5.0,0.002000093460083008
1.0,0.0,2.0,1.0,0.0
1.0,0.0,2.0,1.0,0.0
0.0,0.07369794565246462,6.0,5.0,0.01900005340576172
0.0,0.8363268557082819,6.0,5.0,0.006000041961669922
0.0,0.8045367119542551,5.0,4.0,0.004999876022338867
0.0,1.1121564879950454,4.0,3.0,0.003999948501586914
0.0,0.18668047086787065,6.0,5.0,0.006999969482421875
0.0,0.06923058304004433,5.0,4.0,0.0
0.0,0.5193325930768284,5.0,4.0,0.015000104904174805
0.0,1.7559031210369853,6.0,5.0,0.007999897003173828
1.0,0.0,2.0,1.0,0.002000093460083008
1.0,0.0,2.0,1.0,0.0009999275207519531
0.0,1.5589005690633464,5.0,4.0,0.006000041961669922
0.0,0.5476982201204723,5.0,4.0,0.003999948501586914
1.0,0.0,2.0,1.0,0.0
0.0,0.16160549343953548,5.0,4.0,0.0
0.0,0.11386160570913112,6.0,5.0,0.01399993896484375
0.0,0.3819832791091269,5.0,4.0,0.0
0.0,0.6550156011610979,6.0,5.0,0.019999980926513672
1.0,0.0,2.0,1.0,0.0010001659393310547
0.0,0.016620756357547298,6.0,5.0,0.006000041961669922
1.0,0.0,2.0,1.0,0.002000093460083008
1.0,0.0,2.0,1.0,0.0019998550415039062
1.0,0.0,2.0,1.0,0.002000093460083008
0.0,0.8010189188247708,6.0,5.0,0.006999969482421875
1.0,0.0,2.0,1.0,0.0010001659393310547
0.0,1.2186500417148358,5.0,4.0,0.00599980354309082
0.0,0.8137338622008682,5.0,4.0,0.0
0.0,0.42103663555312926,6.0,5.0,0.0
0.0,0.0012023175815791907,7.0,6.0,0.019999980926513672
0.0,0.503282302329359,5.0,4.0,0.013000011444091797
1.0,0.0,2.0,1.0,0.0009999275207519531
0.0,0.03275850221765178,6.0,5.0,0.0
0.0,2.115297837818128,6.0,5.0,0.015000104904174805
1.0,0.0,2.0,1.0,0.0
0.0,0.19239293270521293,6.0,5.0,0.0
0.0,0.6649724833321667,4.0,3.0,0.017999887466430664
0.0,1.2152912075803908,6.0,5.0,0.0070002079010009766
1.0,0.0,2.0,1.0,0.0009999275207519531
0.0,1.2016855627974818,5.0,4.0,0.006000041961669922
1.0,0.0,2.0,1.0,0.002000093460083008
0.0,1.7913580439783647,5.0,4.0,0.004999876022338867
1.0,0.0,2.0,1.0,0.0010001659393310547
0.0,0.2824174082338825,6.0,5.0,0.007999897003173828
1.0,0.0,2.0,1.0,0.002000093460083008
0.0,1.3132969908465213,4.0,3.0,0.003999948501586914
0.0,2.198545654810986,5.0,4.0,0.005000114440917969
0.0,0.3049365193413227,5.0,4.0,0.006999969482421875
0.0,0.00784707979292114,6.0,5.0,0.006999969482421875
0.0,0.741306131367839,5.0,4.0,0.005000114440917969
0.0,0.22449224336730367,6.0,5.0,0.0009999275207519531
0.0,0.4800863733259034,6.0,5.0,0.0
1.0,0.0,2.0,1.0,0.0
0.0,0.3781824963067447,6.0,5.0,0.014999866485595703
1.0,0.0,2.0,1.0,0.0
1.0,0.0,2.0,1.0,0.0
0.0,1.3763476195999829,5.0,4.0,0.016000032424926758
0.0,0.2418014329589743,6.0,5.0,0.00800013542175293
1.0,0.0,2.0,1.0,0.0009999275207519531
0.0,1.1589424074687957,6.0,5.0,0.006999969482421875
0.0,0.26830014556588355,6.0,5.0,0.007999897003173828
1.0,0.0,2.0,1.0,0.002000093460083008
0.0,0.10159987381519986,6.0,5.0,0.003999948501586914
0.0,0.026554995901392247,6.0,5.0,0.0
0.0,0.9137013461261093,6.0,5.0,0.023000001907348633
1.0,0.0,2.0,1.0,0.0019998550415039062
1.0,0.0,2.0,1.0,0.0009999275207519531
1.0,0.0,2.0,1.0,0.002000093460083008
1.0,0.0,2.0,1.0,0.0009999275207519531
1.0,0.0,2.0,1.0,0.0010001659393310547
1.0,0.0,2.0,1.0,0.0019998550415039062
0.0,0.33015036418148525,5.0,4.0,0.003999948501586914
0.0,0.38062155991257396,5.0,4.0,0.012000083923339844
0.0,0.010175187815314688,6.0,5.0,0.0
0.0,0.3917278590788623,6.0,5.0,0.018000125885009766
1.0,0.0,2.0,1.0,0.002000093460083008
1.0,0.0,2.0,1.0,0.0009999275207519531
0.0,0.03523165088252561,6.0,5.0,0.006999969482421875
1.0,0.0,2.0,1.0,0.0019998550415039062
0.0,0.1649362239685744,5.0,4.0,0.0070002079010009766
1.0,0.0,2.0,1.0,0.0009999275207519531
1.0,0.0,2.0,1.0,0.002000093460083008
0.0,0.1745775309927374,6.0,5.0,0.009000062942504883
1.0,0.0,2.0,1.0,0.0019998550415039062
0.0,0.10221728116237641,5.0,4.0,0.007999897003173828
0.0,0.24244603419724353,5.0,4.0,0.004999876022338867
1.0,0.0,2.0,1.0,0.0010001659393310547
1.0,0.0,2.0,1.0,0.003000020980834961
0.0,1.2686049273245537,5.0,4.0,0.0
0.0,1.5439307344181983,6.0,5.0,0.0
1.0,0.0,2.0,1.0,0.0
1.0,0.0,2.0,1.0,0.014999866485595703
0.0,0.7694484851834952,6.0,5.0,0.0
0.0,0.35095391175563867,6.0,5.0,0.018000125885009766
0.0,0.5228409253749534,5.0,4.0,0.00599980354309082
0.0,0.1415485573904252,6.0,5.0,0.006000041961669922
0.0,2.247247126778379,5.0,4.0,0.00599980354309082
1.0,0.0,2.0,1.0,0.0009999275207519531
0.0,0.3116541829510361,5.0,4.0,0.006000041961669922
0.0,0.7007604988443127,5.0,4.0,0.006000041961669922
0.0,0.6992349391184425,6.0,5.0,0.0
0.0,0.4271683031923443,6.0,5.0,0.0
1.0,0.0,2.0,1.0,0.01699995994567871
1.0,0.0,2.0,1.0,0.0019998550415039062
0.0,1.1789699046143491,4.0,3.0,0.004000186920166016
1.0,0.0,2.0,1.0,0.0009999275207519531
0.0,1.3051404962991284,5.0,4.0,0.005000114440917969
1.0,0.0,2.0,1.0,0.0019998550415039062
1.0,0.0,2.0,1.0,0.003000020980834961
0.0,0.17068267582830077,5.0,4.0,0.002000093460083008
1.0,0.0,2.0,1.0,0.0
1.0,0.0,2.0,1.0,0.0
0.0,0.15144269905058633,6.0,5.0,0.01399993896484375
0.0,0.015807371310886904,6.0,5.0,0.0
0.0,0.5534242078232698,6.0,5.0,0.01900005340576172
0.0,0.44086765079603435,6.0,5.0,0.006999969482421875
1.0,0.0,2.0,1.0,0.002000093460083008
1.0,0.0,2.0,1.0,0.0009999275207519531
0.0,1.4412528808450402,6.0,5.0,0.006999969482421875
0.0,1.3309255165663954,5.0,4.0,0.005000114440917969
0.0,0.2229262550277893,7.0,6.0,0.010999917984008789
0.0,0.20479801071776385,6.0,5.0,0.006999969482421875
0.0,1.3865556949818136,5.0,4.0,0.004999876022338867
1.0,0.0,2.0,1.0,0.0
0.0,1.0126611413082278,5.0,4.0,0.0
0.0,0.0027194376653689577,5.0,4.0,0.0
1.0,0.0,2.0,1.0,0.015000104904174805
0.0,1.0517636474484386,6.0,5.0,0.0
1.0,0.0,2.0,1.0,0.0
1.0,0.0,2.0,1.0,0.0
0.0,0.5653745359202997,6.0,5.0,0.016000032424926758
1.0,0.0,2.0,1.0,0.0
0.0,0.2586874674765034,6.0,5.0,0.0
1.0,0.0,2.0,1.0,0.0
1.0,0.0,2.0,1.0,0.0
1.0,0.0,2.0,1.0,0.0029997825622558594
1.0,0.0,2.0,1.0,0.002000093460083008
1.0,0.0,2.0,1.0,0.002000093460083008
0.0,1.7855330771605191,5.0,4.0,0.004999876022338867
0.0,0.1091965687153349,6.0,5.0,0.006999969482421875
1.0,0.0,2.0,1.0,0.0009999275207519531
0.0,0.6767330476174632,5.0,4.0,0.005000114440917969
0.0,0.4208187651332973,5.0,4.0,0.006000041961669922
0.0,0.7613489459539111,6.0,5.0,0.0029997825622558594
0.0,0.9531823981317048,5.0,4.0,0.0
0.0,0.434486997513734,5.0,4.0,0.017000198364257812
0.0,0.762574457275971,5.0,4.0,0.006000041961669922
0.0,0.0025114346516016115,6.0,5.0,0.00800013542175293
1.0,0.0,2.0,1.0,0.0009999275207519531
1.0,0.0,2.0,1.0,0.0010001659393310547
0.0,0.11364094317662286,6.0,5.0,0.006999969482421875
1.0,0.0,2.0,1.0,0.0009999275207519531
1.0,0.0,2.0,1.0,0.002000093460083008
0.0,0.046125271307460455,6.0,5.0,0.009000062942504883
0.0,0.2616505623977188,5.0,4.0,0.005000114440917969
1.0,0.0,2.0,1.0,0.0019998550415039062
1.0,0.0,2.0,1.0,0.002000093460083008
0.0,0.42447844061799805,5.0,4.0,0.005000114440917969
1.0,0.0,2.0,1.0,0.0009999275207519531
0.0,1.0713080619282027,6.0,5.0,0.006000041961669922
1.0,0.0,2.0,1.0,0.0010001659393310547
1.0,0.0,2.0,1.0,0.0
1.0,0.0,2.0,1.0,0.0
1.0,0.0,2.0,1.0,0.0
1.0,0.0,2.0,1.0,0.0
0.0,0.09435904230178437,6.0,5.0,0.0
0.0,0.706628752248216,5.0,4.0,0.0
1.0,0.0,2.0,1.0,0.014999866485595703
1.0,0.0,2.0,1.0,0.003000020980834961
1.0,0.0,2.0,1.0,0.0010001659393310547
0.0,1.3797177490290684,4.0,3.0,0.003999948501586914
1.0,0.0,2.0,1.0,0.0009999275207519531
1.0,0.0,2.0,1.0,0.0009999275207519531
0.0,1.5539534134577604,4.0,3.0,0.006000041961669922
0.0,0.5449580525850072,6.0,5.0,0.006999969482421875
0.0,0.14812896223749264,6.0,5.0,0.006999969482421875
1.0,0.0,2.0,1.0,0.002000093460083008
1.0,0.0,2.0,1.0,0.0
0.0,0.897902260280515,5.0,4.0,0.0
0.0,0.44260392120856734,6.0,5.0,0.0
0.0,0.44833532463107517,5.0,4.0,0.003000020980834961
1.0,0.0,2.0,1.0,0.0
0.0,0.055869381159149634,6.0,5.0,0.014999866485595703
0.0,1.9601061078129776,5.0,4.0,0.004999876022338867
1.0,0.0,2.0,1.0,0.0009999275207519531
1.0,0.0,2.0,1.0,0.0019998550415039062
0.0,0.39973571888811726,5.0,4.0,0.006000041961669922
0.0,0.2867043034999616,5.0,4.0,0.0
0.0,1.025449075504882,5.0,4.0,0.015000104904174805
0.0,0.614188134870467,5.0,4.0,0.006999969482421875
0.0,0.10256774502513637,5.0,4.0,0.005000114440917969
0.0,0.09388026800788812,6.0,5.0,0.006999969482421875
1.0,0.0,2.0,1.0,0.002000093460083008
1.0,0.0,2.0,1.0,0.0009999275207519531
1.0,0.0,2.0,1.0,0.0009999275207519531
1.0,0.0,2.0,1.0,0.0010001659393310547
0.0,0.15826993468708106,5.0,4.0,0.005000114440917969
0.0,0.7113250001057475,5.0,4.0,0.003999948501586914
1.0,0.0,2.0,1.0,0.0
0.0,0.015313783869883524,6.0,5.0,0.009999990463256836
0.0,0.17405921479310488,6.0,5.0,0.010999917984008789
1.0,0.0,2.0,1.0,0.0009999275207519531
0.0,0.23156185652252234,5.0,4.0,0.003999948501586914
0.0,0.8224017688240647,6.0,5.0,0.00800013542175293
0.0,0.4197296535167802,6.0,5.0,0.006999969482421875
0.0,0.5528576217738203,5.0,4.0,0.005000114440917969
1.0,0.0,2.0,1.0,0.0
0.0,1.2306480699639488,5.0,4.0,0.0
0.0,0.22022591972988498,6.0,5.0,0.0
1.0,0.0,2.0,1.0,0.0009999275207519531
0.0,0.4079264722065607,6.0,5.0,0.009000062942504883
0.0,0.5002036077700266,5.0,4.0,0.004999876022338867
1.0,0.0,2.0,1.0,0.002000093460083008
0.0,1.4862904177714167,6.0,5.0,0.0009999275207519531
0.0,0.010351367548029879,5.0,4.0,0.016000032424926758
1.0,0.0,2.0,1.0,0.0
1.0,0.0,2.0,1.0,0.0
0.0,0.3256630587896734,6.0,5.0,0.0
0.0,0.5683383607105367,6.0,5.0,0.019999980926513672
0.0,0.11063073325423518,6.0,5.0,0.006999969482421875
0.0,0.5383917422519304,5.0,4.0,0.006000041961669922
0.0,0.37023316147970964,5.0,4.0,0.008999824523925781
1.0,0.0,2.0,1.0,0.0019998550415039062
1.0,0.0,2.0,1.0,0.003000020980834961
1.0,0.0,2.0,1.0,0.0
1.0,0.0,2.0,1.0,0.0
1.0,0.0,2.0,1.0,0.0
1.0,0.0,2.0,1.0,0.0
1.0,0.0,2.0,1.0,0.0
0.0,0.8904865102808599,5.0,4.0,0.015000104904174805
1.0,0.0,2.0,1.0,0.003999948501586914
1.0,0.0,2.0,1.0,0.0
0.0,1.6133074397852296,4.0,3.0,0.0
0.0,0.8984967958611892,5.0,4.0,0.015000104904174805
0.0,2.0516306429592697,5.0,4.0,0.0
1.0,0.0,2.0,1.0,0.0
1.0,0.0,2.0,1.0,0.0
0.0,0.8720389700771938,5.0,4.0,0.016000032424926758
0.0,0.12039865323700394,6.0,5.0,0.0
0.0,0.05543205160358097,7.0,6.0,0.01699995994567871
0.0,0.23338182544545527,6.0,5.0,0.006999969482421875
1.0,0.0,2.0,1.0,0.0010001659393310547
0.0,0.4246077323797133,4.0,3.0,0.003999948501586914
0.0,0.050557840971293046,6.0,5.0,0.006999969482421875
1.0,0.0,2.0,1.0,0.0010001659393310547
0.0,1.2826173078156302,4.0,3.0,0.003999948501586914
1.0,0.0,2.0,1.0,0.0010001659393310547
1.0,0.0,2.0,1.0,0.0009999275207519531
0.0,0.2308324077061432,5.0,4.0,0.0
1.0,0.0,2.0,1.0,0.015000104904174805
1.0,0.0,2.0,1.0,0.0019998550415039062
1.0,0.0,2.0,1.0,0.0010001659393310547
0.0,1.2383219307316196,5.0,4.0,0.004999876022338867
1.0,0.0,2.0,1.0,0.0010001659393310547
0.0,1.4203939253931617,6.0,5.0,0.006999969482421875
1.0,0.0,2.0,1.0,0.0010001659393310547
1.0,0.0,2.0,1.0,0.0009999275207519531
1.0,0.0,2.0,1.0,0.002000093460083008
1.0,0.0,2.0,1.0,0.0009999275207519531
0.0,1.854900186264181,4.0,3.0,0.003999948501586914
0.0,0.3025428211279194,6.0,5.0,0.007999897003173828
1.0,0.0,2.0,1.0,0.0010001659393310547
1.0,0.0,2.0,1.0,0.0009999275207519531
0.0,0.2678986121576014,5.0,4.0,0.005000114440917969
1.0,0.0,2.0,1.0,0.003000020980834961
0.0,0.1807099853636341,6.0,5.0,0.006999969482421875
0.0,0.960070293641081,5.0,4.0,0.004999876022338867
1.0,0.0,2.0,1.0,0.002000093460083008
0.0,0.6019563895733866,5.0,4.0,0.0
1.0,0.0,2.0,1.0,0.0
1.0,0.0,2.0,1.0,0.0
0.0,0.08636108630662283,5.0,4.0,0.0
1.0,0.0,2.0,1.0,0.016000032424926758
1.0,0.0,2.0,1.0,0.0
0.0,1.55120345830732,5.0,4.0,0.0
0.0,0.296546471202999,6.0,5.0,0.014999866485595703
0.0,0.16475686610354154,5.0,4.0,0.00800013542175293
0.0,0.27445704988230374,5.0,4.0,0.004999876022338867
1.0,0.0,2.0,1.0,0.0010001659393310547
0.0,0.016341760264810778,6.0,5.0,0.007999897003173828
0.0,1.0334670814778528,5.0,4.0,0.005000114440917969
1.0,0.0,2.0,1.0,0.0009999275207519531
0.0,0.03593247116097899,6.0,5.0,0.005000114440917969
0.0,0.9330631638365829,5.0,4.0,0.0
1.0,0.0,2.0,1.0,0.0
1.0,0.0,2.0,1.0,0.0
0.0,0.3399191841187351,6.0,5.0,0.01900005340576172
0.0,0.3868934644741198,6.0,5.0,0.006999969482421875
1.0,0.0,2.0,1.0,0.0009999275207519531
0.0,0.017569535975613792,6.0,5.0,0.006999969482421875
1.0,0.0,2.0,1.0,0.002000093460083008
0.0,0.02135385215984215,5.0,4.0,0.005000114440917969
1.0,0.0,2.0,1.0,0.0019998550415039062
0.0,0.7500801323985963,5.0,4.0,0.005000114440917969
0.0,0.8170131151791105,5.0,4.0,0.0019998550415039062
0.0,0.9530935278164913,5.0,4.0,0.0
0.0,0.16855449931799357,5.0,4.0,0.018000125885009766
0.0,0.01635394652898291,6.0,5.0,0.006999969482421875
0.0,0.7634148897066282,6.0,5.0,0.007999897003173828
0.0,1.4766284531189524,5.0,4.0,0.006000041961669922
0.0,0.18160869389316142,5.0,4.0,0.005000114440917969
0.0,0.057417428177640256,6.0,5.0,0.003999948501586914
0.0,0.4989372498687437,6.0,5.0,0.0
1.0,0.0,2.0,1.0,0.0
1.0,0.0,2.0,1.0,0.0
0.0,0.15808954285496898,6.0,5.0,0.023000001907348633
0.0,0.046104468481191874,7.0,6.0,0.00800013542175293
1.0,0.0,2.0,1.0,0.002000093460083008
0.0,0.1010239901155465,6.0,5.0,0.006999969482421875
0.0,0.15768315332817331,5.0,4.0,0.004999876022338867
0.0,0.34544064132297475,6.0,5.0,0.009000062942504883
0.0,1.130885273461683,4.0,3.0,0.003999948501586914
1.0,0.0,2.0,1.0,0.0009999275207519531
0.0,1.5666378236083893,6.0,5.0,0.006000041961669922
0.0,0.033521319770158875,6.0,5.0,0.006000041961669922
1.0,0.0,2.0,1.0,0.002000093460083008
0.0,0.8880853712586229,6.0,5.0,0.007999897003173828
1.0,0.0,2.0,1.0,0.0
0.0,0.08332960542329731,6.0,5.0,0.0
1.0,0.0,2.0,1.0,0.0
1.0,0.0,2.0,1.0,0.0
0.0,0.9361448476502299,5.0,4.0,0.015000104904174805
0.0,0.12875855353608628,5.0,4.0,0.0
1.0,0.0,2.0,1.0,0.0
0.0,0.21168284841651097,6.0,5.0,0.019999980926513672
1.0,0.0,2.0,1.0,0.002000093460083008
0.0,0.006467517034353807,5.0,4.0,0.00599980354309082
0.0,0.4815647688563686,5.0,4.0,0.0070002079010009766
0.0,0.0049364697917186956,7.0,6.0,0.01399993896484375
1.0,0.0,2.0,1.0,0.0
0.0,1.657121601786187,6.0,5.0,0.0
0.0,0.4027939935069073,4.0,3.0,0.01699995994567871
0.0,0.043442047911217224,6.0,5.0,0.006000041961669922
0.0,0.2814968523798113,5.0,4.0,0.005000114440917969
1.0,0.0,2.0,1.0,0.0009999275207519531
1.0,0.0,2.0,1.0,0.0019998550415039062
0.0,0.029301162810169593,4.0,3.0,0.003999948501586914
1.0,0.0,2.0,1.0,0.002000093460083008
0.0,0.22539855676368412,5.0,4.0,0.004999876022338867
0.0,0.5389211566608664,5.0,4.0,0.005000114440917969
1.0,0.0,2.0,1.0,0.0
0.0,0.26577879717869035,6.0,5.0,0.0
0.0,0.8780838387100094,5.0,4.0,0.016000032424926758
1.0,0.0,2.0,1.0,0.002000093460083008
0.0,0.31096065204050005,6.0,5.0,0.006999969482421875
0.0,0.6029864449014953,6.0,5.0,0.006999969482421875
0.0,0.9911019535774445,5.0,4.0,0.005000114440917969
0.0,0.08073963978146256,6.0,5.0,0.006000041961669922
0.0,1.1639899685181316,6.0,5.0,0.003999948501586914
0.0,0.00024352452077764853,6.0,5.0,0.0
1.0,0.0,2.0,1.0,0.0
1.0,0.0,2.0,1.0,0.016000032424926758
1.0,0.0,2.0,1.0,0.002000093460083008
0.0,0.19221288871320824,4.0,3.0,0.003999948501586914
0.0,0.5222690715722758,5.0,4.0,0.004999876022338867
1.0,0.0,2.0,1.0,0.0009999275207519531
0.0,2.263546880536727,5.0,4.0,0.006000041961669922
1.0,0.0,2.0,1.0,0.0019998550415039062
0.0,0.2302138442900432,6.0,5.0,0.006000041961669922
0.0,0.8655756895323624,5.0,4.0,0.004999876022338867
0.0,0.14281406112201125,6.0,5.0,0.0009999275207519531
0.0,0.11146816633580336,5.0,4.0,0.017000198364257812
1.0,0.0,2.0,1.0,0.0029997825622558594
0.0,1.526359522686013,5.0,4.0,0.0070002079010009766
1.0,0.0,2.0,1.0,0.0009999275207519531
0.0,0.651178612508006,5.0,4.0,0.006000041961669922
0.0,0.3238834199603724,6.0,5.0,0.006999969482421875
0.0,0.19283768238879087,6.0,5.0,0.006000041961669922
0.0,0.5230529387448546,5.0,4.0,0.003000020980834961
0.0,0.433002640784257,6.0,5.0,0.0
1.0,0.0,2.0,1.0,0.0
0.0,0.05289234325191898,5.0,4.0,0.017999887466430664
0.0,0.8250753272405553,5.0,4.0,0.005000114440917969
0.0,0.4768444903976484,6.0,5.0,0.006000041961669922
0.0,0.4844423843222495,5.0,4.0,0.006000041961669922
1.0,0.0,2.0,1.0,0.0019998550415039062
1.0,0.0,2.0,1.0,0.0009999275207519531
0.0,0.3750672422572707,5.0,4.0,0.003999948501586914
1.0,0.0,2.0,1.0,0.0010001659393310547
0.0,1.0048248231169685,5.0,4.0,0.003999948501586914
0.0,0.4621451042828261,5.0,4.0,0.0
0.0,1.3451435112017414,5.0,4.0,0.0
0.0,0.060431572654914105,6.0,5.0,0.021999835968017578
0.0,0.19934430618380997,5.0,4.0,0.004999876022338867
0.0,0.9997658392432062,5.0,4.0,0.006999969482421875
1.0,0.0,2.0,1.0,0.002000093460083008
0.0,0.6946116539609509,6.0,5.0,0.006999969482421875
0.0,0.005332632946288068,6.0,5.0,0.006000041961669922
1.0,0.0,2.0,1.0,0.0
1.0,0.0,2.0,1.0,0.0
0.0,1.175042315845406,5.0,4.0,0.0
1.0,0.0,2.0,1.0,0.0
0.0,1.2539119421262144,6.0,5.0,0.023999929428100586
1.0,0.0,2.0,1.0,0.0009999275207519531
0.0,0.0022080775275219807,7.0,6.0,0.009000062942504883
0.0,1.2763494329034797,5.0,4.0,0.0
0.0,0.9461317285342307,6.0,5.0,0.0
0.0,0.4426606531212121,6.0,5.0,0.015999794006347656
0.0,0.7217703280251146,5.0,4.0,0.0
0.0,0.058747191397673114,6.0,5.0,0.021000146865844727
1.0,0.0,2.0,1.0,0.0019998550415039062
0.0,0.9426912655283204,6.0,5.0,0.015000104904174805
1.0,0.0,2.0,1.0,0.002000093460083008
1.0,0.0,2.0,1.0,0.0009999275207519531
1.0,0.0,2.0,1.0,0.002000093460083008
0.0,0.9647200547843725,5.0,4.0,0.00599980354309082
0.0,0.20819100334622545,6.0,5.0,0.0
0.0,0.8789513815453883,5.0,4.0,0.0
0.0,1.1996286466388413,4.0,3.0,0.018000125885009766
0.0,1.3425983441576206,6.0,5.0,0.006999969482421875
1.0,0.0,2.0,1.0,0.0009999275207519531
0.0,1.890631078860915,5.0,4.0,0.004999876022338867
0.0,0.47259491642744283,6.0,5.0,0.003999948501586914
0.0,0.057584021468845836,6.0,5.0,0.014000177383422852
1.0,0.0,2.0,1.0,0.0
0.0,0.8485907747473359,5.0,4.0,0.0
1.0,0.0,2.0,1.0,0.0
0.0,0.04578013513759026,6.0,5.0,0.021999835968017578
1.0,0.0,2.0,1.0,0.002000093460083008
0.0,1.3849626225805076,5.0,4.0,0.006000041961669922
0.0,0.10260260164134662,5.0,4.0,0.006000041961669922
1.0,0.0,2.0,1.0,0.0009999275207519531
0.0,1.2447806160683679,6.0,5.0,0.006999969482421875
1.0,0.0,2.0,1.0,0.0010001659393310547
0.0,0.27596094979335384,5.0,4.0,0.003000020980834961
1.0,0.0,2.0,1.0,0.0
1.0,0.0,2.0,1.0,0.0
1.0,0.0,2.0,1.0,0.0
1.0,0.0,2.0,1.0,0.0
1.0,0.0,2.0,1.0,0.0
1.0,0.0,2.0,1.0,0.0
0.0,0.1367619230784256,5.0,4.0,0.019999980926513672
1.0,0.0,2.0,1.0,0.0
1.0,0.0,2.0,1.0,0.0
1.0,0.0,2.0,1.0,0.0
1.0,0.0,2.0,1.0,0.0
0.0,1.5890876283596695,5.0,4.0,0.014999866485595703
0.0,1.21299648651924,6.0,5.0,0.0
1.0,0.0,2.0,1.0,0.0
1.0,0.0,2.0,1.0,0.015000104904174805
1.0,0.0,2.0,1.0,0.0
0.0,1.3036491470119878,4.0,3.0,0.0
1.0,0.0,2.0,1.0,0.0
0.0,1.6613849777688572,5.0,4.0,0.0
0.0,0.006408943162848297,5.0,4.0,0.006000041961669922
0.0,1.824795208988926,6.0,5.0,0.006000041961669922
1.0,0.0,2.0,1.0,0.0009999275207519531
0.0,1.0401223781404099,5.0,4.0,0.005000114440917969
0.0,0.0061272735037271545,6.0,5.0,0.006999969482421875
1.0,0.0,2.0,1.0,0.0010001659393310547
1.0,0.0,2.0,1.0,0.0019998550415039062
1.0,0.0,2.0,1.0,0.0010001659393310547
1.0,0.0,2.0,1.0,0.0009999275207519531
0.0,1.2341744625361766,6.0,5.0,0.0
1.0,0.0,2.0,1.0,0.0
0.0,1.330884490951813,6.0,5.0,0.01699995994567871
0.0,1.1708000897203563,6.0,5.0,0.006999969482421875
0.0,0.028816125867777452,7.0,6.0,0.009000062942504883
0.0,0.7031448857137034,6.0,5.0,0.006999969482421875
0.0,0.1851170927487252,6.0,5.0,0.006999969482421875
0.0,1.222990410592867,4.0,3.0,0.0019998550415039062
0.0,1.0501485164590232,5.0,4.0,0.0
0.0,0.312630509649631,6.0,5.0,0.01900005340576172
1.0,0.0,2.0,1.0,0.002000093460083008
0.0,0.1866864835930347,6.0,5.0,0.006999969482421875
1.0,0.0,2.0,1.0,0.002000093460083008
1.0,0.0,2.0,1.0,0.0009999275207519531
0.0,0.17802095391414288,6.0,5.0,0.006999969482421875
0.0,1.302646224191715,6.0,5.0,0.006999969482421875
1.0,0.0,2.0,1.0,0.0010001659393310547
1.0,0.0,2.0,1.0,0.0009999275207519531
0.0,0.010479001607983167,6.0,5.0,0.0
0.0,0.07757462741859426,6.0,5.0,0.01699995994567871
1.0,0.0,2.0,1.0,0.003000020980834961
0.0,0.6322738868063856,5.0,4.0,0.006000041961669922
0.0,0.11109482074694249,6.0,5.0,0.009000062942504883
1.0,0.0,2.0,1.0,0.002000093460083008
1.0,0.0,2.0,1.0,0.0019998550415039062
1.0,0.0,2.0,1.0,0.0009999275207519531
1.0,0.0,2.0,1.0,0.0009999275207519531
1.0,0.0,2.0,1.0,0.002000093460083008
1.0,0.0,2.0,1.0,0.0009999275207519531
0.0,0.3151533085063062,5.0,4.0,0.003999948501586914
1.0,0.0,2.0,1.0,0.0
0.0,0.4894940448579489,6.0,5.0,0.0
0.0,0.8254604621654025,5.0,4.0,0.018000125885009766
1.0,0.0,2.0,1.0,0.002000093460083008
1.0,0.0,2.0,1.0,0.0019998550415039062
1.0,0.0,2.0,1.0,0.009999990463256836
1.0,0.0,2.0,1.0,0.0029997825622558594
1.0,0.0,2.0,1.0,0.002000093460083008
1.0,0.0,2.0,1.0,0.0009999275207519531
1.0,0.0,2.0,1.0,0.0009999275207519531
1.0,0.0,2.0,1.0,0.0009999275207519531
0.0,0.6474195157037275,5.0,4.0,0.004999876022338867
0.0,0.2932871798661518,6.0,5.0,0.002000093460083008
1.0,0.0,2.0,1.0,0.0
0.0,0.5082607753427937,5.0,4.0,0.0
1.0,0.0,2.0,1.0,0.017999887466430664
0.0,0.10831482935036017,6.0,5.0,0.00800013542175293
1.0,0.0,2.0,1.0,0.0019998550415039062
1.0,0.0,2.0,1.0,0.0010001659393310547
0.0,0.018020065027642137,6.0,5.0,0.007999897003173828
1.0,0.0,2.0,1.0,0.0009999275207519531
0.0,0.43286690842036296,6.0,5.0,0.006999969482421875
0.0,0.41132734603429827,6.0,5.0,0.004999876022338867
0.0,1.3020563287015483,5.0,4.0,0.0
0.0,1.6184628189605232,5.0,4.0,0.018000125885009766
0.0,0.6445170889465303,6.0,5.0,0.006999969482421875
0.0,1.1732722918632745,5.0,4.0,0.006999969482421875
1.0,0.0,2.0,1.0,0.003000020980834961
0.0,0.12129340932423699,6.0,5.0,0.006999969482421875
1.0,0.0,2.0,1.0,0.002000093460083008
1.0,0.0,2.0,1.0,0.0009999275207519531
1.0,0.0,2.0,1.0,0.0010001659393310547
0.0,0.5237036648605432,6.0,5.0,0.0
0.0,0.7661054091170559,6.0,5.0,0.0
0.0,0.602142841670421,5.0,4.0,0.00599980354309082
0.0,0.9817417320535387,5.0,4.0,0.004999876022338867
0.0,0.3048999263250816,6.0,5.0,0.007999897003173828
1.0,0.0,2.0,1.0,0.0
0.0,0.158629151994018,6.0,5.0,0.0
1.0,0.0,2.0,1.0,0.0
1.0,0.0,2.0,1.0,0.01399993896484375
1.0,0.0,2.0,1.0,0.0
0.0,0.37151626175427227,6.0,5.0,0.0
0.0,0.693092611335355,5.0,4.0,0.015999794006347656
1.0,0.0,2.0,1.0,0.002000093460083008
1.0,0.0,2.0,1.0,0.002000093460083008
1.0,0.0,2.0,1.0,0.0019998550415039062
1.0,0.0,2.0,1.0,0.0010001659393310547
1.0,0.0,2.0,1.0,0.0009999275207519531
0.0,0.32903892617276553,6.0,5.0,0.00800013542175293
0.0,0.1866357196971029,4.0,3.0,0.003999948501586914
0.0,1.5798914015590768,5.0,4.0,0.005000114440917969
1.0,0.0,2.0,1.0,0.0019998550415039062
0.0,2.070327963607559,4.0,3.0,0.003999948501586914
1.0,0.0,2.0,1.0,0.0
0.0,0.20029374692664656,5.0,4.0,0.0
0.0,0.7969142927239475,5.0,4.0,0.015000104904174805
1.0,0.0,2.0,1.0,0.0019998550415039062
1.0,0.0,2.0,1.0,0.0009999275207519531
0.0,1.49436139673291,6.0,5.0,0.006999969482421875
0.0,0.6588741573751558,5.0,4.0,0.006999969482421875
0.0,0.27478749193552593,6.0,5.0,0.0070002079010009766
0.0,0.36932552071056934,6.0,5.0,0.006999969482421875
0.0,0.12132059971810985,6.0,5.0,0.0
0.0,1.922344743813914,6.0,5.0,0.016000032424926758
0.0,1.3012110456154697,6.0,5.0,0.007999897003173828
1.0,0.0,2.0,1.0,0.0010001659393310547
0.0,0.03673094267091009,6.0,5.0,0.007999897003173828
1.0,0.0,2.0,1.0,0.0009999275207519531
0.0,0.12800157119814035,6.0,5.0,0.006000041961669922
0.0,0.9185200925834617,6.0,5.0,0.006000041961669922
0.0,1.3392773595179042,5.0,4.0,0.0
1.0,0.0,2.0,1.0,0.0
1.0,0.0,2.0,1.0,0.0
1.0,0.0,2.0,1.0,0.0
0.0,0.5960563104011006,6.0,5.0,0.020999908447265625
1.0,0.0,2.0,1.0,0.002000093460083008
0.0,0.7520362530927274,5.0,4.0,0.006000041961669922
1.0,0.0,2.0,1.0,0.0009999275207519531
0.0,0.20035628407263162,5.0,4.0,0.006999969482421875
0.0,1.027687441667583,6.0,5.0,0.006999969482421875
1.0,0.0,2.0,1.0,0.0009999275207519531
0.0,0.08800674041792256,6.0,5.0,0.002000093460083008
0.0,0.11750990293595868,5.0,4.0,0.0
0.0,0.748958359593021,5.0,4.0,0.020999908447265625
0.0,1.147649964288727,5.0,4.0,0.005000114440917969
0.0,0.14858769942900985,5.0,4.0,0.006000041961669922
0.0,0.9205832178923485,5.0,4.0,0.004999876022338867
1.0,0.0,2.0,1.0,0.0010001659393310547
0.0,0.30699529718365093,5.0,4.0,0.0009999275207519531
0.0,0.2698401452238406,6.0,5.0,0.0
0.0,0.01334411201608517,6.0,5.0,0.021000146865844727
1.0,0.0,2.0,1.0,0.0019998550415039062
1.0,0.0,2.0,1.0,0.0010001659393310547
1.0,0.0,2.0,1.0,0.0009999275207519531
0.0,0.9225792949219076,4.0,3.0,0.003999948501586914
1.0,0.0,2.0,1.0,0.0009999275207519531
1.0,0.0,2.0,1.0,0.003000020980834961
0.0,0.146629460000774,6.0,5.0,0.007999897003173828
0.0,0.7763126254086972,5.0,4.0,0.006000041961669922
1.0,0.0,2.0,1.0,0.0009999275207519531
1.0,0.0,2.0,1.0,0.0
0.0,0.16739246352910328,6.0,5.0,0.0
1.0,0.0,2.0,1.0,0.0
0.0,0.60924090412434,6.0,5.0,0.020000219345092773
1.0,0.0,2.0,1.0,0.0009999275207519531
1.0,0.0,2.0,1.0,0.0010001659393310547
0.0,0.6443067135833295,6.0,5.0,0.006999969482421875
0.0,1.11163791776307,6.0,5.0,0.009999990463256836
1.0,0.0,2.0,1.0,0.0010001659393310547
1.0,0.0,2.0,1.0,0.0019998550415039062
0.0,1.0266544588290831,6.0,5.0,0.005000114440917969
0.0,0.9901681968703563,5.0,4.0,0.0
1.0,0.0,2.0,1.0,0.0
0.0,0.13357506120832724,6.0,5.0,0.023000001907348633
0.0,0.005365936406965274,6.0,5.0,0.006999969482421875
0.0,0.031148837855722467,5.0,4.0,0.006000041961669922
0.0,0.10447719993223369,6.0,5.0,0.006999969482421875
0.0,1.2278703989358304,6.0,5.0,0.005000114440917969
0.0,0.42405037030421117,6.0,5.0,0.0
1.0,0.0,2.0,1.0,0.0
1.0,0.0,2.0,1.0,0.016000032424926758
1.0,0.0,2.0,1.0,0.0019998550415039062
0.0,0.0012354836299401741,6.0,5.0,0.006999969482421875
1.0,0.0,2.0,1.0,0.002000093460083008
0.0,0.4703475038486702,6.0,5.0,0.00800013542175293
0.0,1.2684373901828108,6.0,5.0,0.0
1.0,0.0,2.0,1.0,0.0
0.0,0.12099079983810364,5.0,4.0,0.015999794006347656
1.0,0.0,2.0,1.0,0.0
0.0,0.7613368833130397,4.0,3.0,0.0
0.0,1.6949085154228165,5.0,4.0,0.0
0.0,0.23841892614476093,5.0,4.0,0.019999980926513672
1.0,0.0,2.0,1.0,0.0009999275207519531
1.0,0.0,2.0,1.0,0.002000093460083008
0.0,2.0109294309815318,4.0,3.0,0.003999948501586914
0.0,0.005200945118571545,7.0,6.0,0.006000041961669922
0.0,0.22266092364032544,6.0,5.0,0.0
0.0,1.9605158245033283,6.0,5.0,0.015000104904174805
0.0,1.8399462598979865,5.0,4.0,0.020999908447265625
0.0,0.4127885830633729,5.0,4.0,0.004999876022338867
0.0,0.014456343295596898,7.0,6.0,0.009999990463256836
0.0,0.27896207733300166,6.0,5.0,0.006999969482421875
1.0,0.0,2.0,1.0,0.0010001659393310547
0.0,0.7787158647239715,6.0,5.0,0.00599980354309082
1.0,0.0,2.0,1.0,0.0
1.0,0.0,2.0,1.0,0.0
0.0,0.7112621389898658,5.0,4.0,0.0
0.0,0.15872252364845651,5.0,4.0,0.0009999275207519531
0.0,0.04158586750919116,6.0,5.0,0.01699995994567871
0.0,0.0035277088768255237,6.0,5.0,0.00800013542175293
1.0,0.0,2.0,1.0,0.0019998550415039062
0.0,0.7292901933331176,5.0,4.0,0.004000186920166016
1.0,0.0,2.0,1.0,0.0
1.0,0.0,2.0,1.0,0.0
1.0,0.0,2.0,1.0,0.0
1.0,0.0,2.0,1.0,0.0
0.0,0.5921577064173206,5.0,4.0,0.019999980926513672
1.0,0.0,2.0,1.0,0.0009999275207519531
1.0,0.0,2.0,1.0,0.0009999275207519531
0.0,0.12391863627720089,6.0,5.0,0.006999969482421875
1.0,0.0,2.0,1.0,0.0009999275207519531
1.0,0.0,2.0,1.0,0.0019998550415039062
0.0,0.3626700071256342,5.0,4.0,0.005000114440917969
1.0,0.0,2.0,1.0,0.0009999275207519531
1.0,0.0,2.0,1.0,0.0010001659393310547
0.0,0.23179918973240743,6.0,5.0,0.006000041961669922
1.0,0.0,2.0,1.0,0.0
1.0,0.0,2.0,1.0,0.0
0.0,0.43616958855948523,6.0,5.0,0.020999908447265625
1.0,0.0,2.0,1.0,0.0009999275207519531
0.0,1.3326921331982782,5.0,4.0,0.004999876022338867
1.0,0.0,2.0,1.0,0.002000093460083008
1.0,0.0,2.0,1.0,0.0009999275207519531
1.0,0.0,2.0,1.0,0.0009999275207519531
1.0,0.0,2.0,1.0,0.002000093460083008
1.0,0.0,2.0,1.0,0.0019998550415039062
0.0,0.4928590981709359,5.0,4.0,0.005000114440917969
0.0,0.06590483283660521,6.0,5.0,0.00599980354309082
1.0,0.0,2.0,1.0,0.0009999275207519531
0.0,0.5567394049331157,5.0,4.0,0.0
0.0,0.01911998570833615,6.0,5.0,0.0
0.0,0.36143938328243724,5.0,4.0,0.01900005340576172
1.0,0.0,2.0,1.0,0.0009999275207519531
0.0,0.17500252625706111,6.0,5.0,0.006000041961669922
0.0,0.25973869914087316,5.0,4.0,0.004999876022338867
0.0,0.06618247488460864,5.0,4.0,0.006000041961669922
0.0,0.005950429974574897,6.0,5.0,0.006000041961669922
0.0,0.35385066394473524,6.0,5.0,0.004999876022338867
0.0,0.3265755652774717,5.0,4.0,0.0
0.0,0.05006032471862012,4.0,3.0,0.0
0.0,0.027331882551511005,5.0,4.0,0.019999980926513672
1.0,0.0,2.0,1.0,0.0010001659393310547
1.0,0.0,2.0,1.0,0.0009999275207519531
1.0,0.0,2.0,1.0,0.002000093460083008
1.0,0.0,2.0,1.0,0.0009999275207519531
0.0,0.5788103805037699,6.0,5.0,0.006999969482421875
0.0,0.3502939260962422,6.0,5.0,0.006999969482421875
1.0,0.0,2.0,1.0,0.0009999275207519531
0.0,0.7366153867052175,5.0,4.0,0.005000114440917969
0.0,0.08695982128664766,6.0,5.0,0.0009999275207519531
0.0,0.04186179143021091,6.0,5.0,0.0
1.0,0.0,2.0,1.0,0.0
1.0,0.0,2.0,1.0,0.002000093460083008
0.0,0.026626426542479927,5.0,4.0,0.004999876022338867
0.0,1.391474782345357,5.0,4.0,0.005000114440917969
1.0,0.0,2.0,1.0,0.0009999275207519531
0.0,0.073106614081571,6.0,5.0,0.00800013542175293
1.0,0.0,2.0,1.0,0.0019998550415039062
1.0,0.0,2.0,1.0,0.0010001659393310547
1.0,0.0,2.0,1.0,0.0009999275207519531
1.0,0.0,2.0,1.0,0.0010001659393310547
1.0,0.0,2.0,1.0,0.0009999275207519531
0.0,0.004413929118467167,5.0,4.0,0.003999948501586914
1.0,0.0,2.0,1.0,0.0
0.0,0.6846698534757462,5.0,4.0,0.0
0.0,0.08068572182734864,6.0,5.0,0.018000125885009766
1.0,0.0,2.0,1.0,0.0019998550415039062
0.0,0.09012464665548925,5.0,4.0,0.006000041961669922
0.0,0.13967283360278857,6.0,5.0,0.006000041961669922
1.0,0.0,2.0,1.0,0.0010001659393310547
0.0,0.17251506014850054,6.0,5.0,0.006000041961669922
1.0,0.0,2.0,1.0,0.0009999275207519531
1.0,0.0,2.0,1.0,0.002000093460083008
0.0,0.5359996279233148,5.0,4.0,0.005000114440917969
0.0,0.3914586484232126,6.0,5.0,0.0
0.0,1.2158976304363898,6.0,5.0,0.0
0.0,0.29442406746113203,5.0,4.0,0.020999908447265625
0.0,1.0687810158029716,4.0,3.0,0.003999948501586914
0.0,0.05299971141188276,5.0,4.0,0.005000114440917969
0.0,1.1133808979146222,6.0,5.0,0.006999969482421875
1.0,0.0,2.0,1.0,0.002000093460083008
0.0,0.06844778772292247,6.0,5.0,0.006999969482421875
1.0,0.0,2.0,1.0,0.0019998550415039062
1.0,0.0,2.0,1.0,0.002000093460083008
0.0,0.07529035471196274,6.0,5.0,0.00800013542175293
0.0,0.36683909518989993,6.0,5.0,0.006000041961669922
0.0,1.1068826906403573,5.0,4.0,0.0009999275207519531
0.0,1.1477432968200807,6.0,5.0,0.0
1.0,0.0,2.0,1.0,0.016000032424926758
0.0,0.006335880938358591,6.0,5.0,0.002000093460083008
0.0,1.5709862278717865,6.0,5.0,0.01399993896484375
0.0,1.4196131843263975,6.0,5.0,0.0
1.0,0.0,2.0,1.0,0.0
1.0,0.0,2.0,1.0,0.0
0.0,0.39780451477399953,6.0,5.0,0.019999980926513672
0.0,1.6022139248604337,4.0,3.0,0.004000186920166016
0.0,0.12990697461638256,7.0,6.0,0.018999814987182617
1.0,0.0,2.0,1.0,0.0009999275207519531
0.0,1.6643638932168427,6.0,5.0,0.003999948501586914
0.0,0.6051594672473621,5.0,4.0,0.0
1.0,0.0,2.0,1.0,0.0
1.0,0.0,2.0,1.0,0.0
1.0,0.0,2.0,1.0,0.015000104904174805
1.0,0.0,2.0,1.0,0.0019998550415039062
1.0,0.0,2.0,1.0,0.002000093460083008
0.0,0.5470781576592444,5.0,4.0,0.005000114440917969
0.0,2.00346867700996,5.0,4.0,0.004999876022338867
1.0,0.0,2.0,1.0,0.002000093460083008
0.0,0.7084819706861462,5.0,4.0,0.006000041961669922
1.0,0.0,2.0,1.0,0.0009999275207519531
0.0,0.1334990129629948,5.0,4.0,0.005000114440917969
1.0,0.0,2.0,1.0,0.0009999275207519531
1.0,0.0,2.0,1.0,0.002000093460083008
1.0,0.0,2.0,1.0,0.0009999275207519531
1.0,0.0,2.0,1.0,0.0
0.0,0.21750273156889596,6.0,5.0,0.0
0.0,0.2488076245402844,6.0,5.0,0.017000198364257812
1.0,0.0,2.0,1.0,0.0009999275207519531
1.0,0.0,2.0,1.0,0.0010001659393310547
0.0,0.7383704035187186,4.0,3.0,0.004999876022338867
0.0,0.006541576452600322,6.0,5.0,0.00800013542175293
1.0,0.0,2.0,1.0,0.0019998550415039062
1.0,0.0,2.0,1.0,0.0010001659393310547
0.0,1.1606954804632699,5.0,4.0,0.004999876022338867
1.0,0.0,2.0,1.0,0.0009999275207519531
1.0,0.0,2.0,1.0,0.002000093460083008
1.0,0.0,2.0,1.0,0.0009999275207519531
1.0,0.0,2.0,1.0,0.0010001659393310547
1.0,0.0,2.0,1.0,0.0
1.0,0.0,2.0,1.0,0.0
1.0,0.0,2.0,1.0,0.0
1.0,0.0,2.0,1.0,0.0
1.0,0.0,2.0,1.0,0.0
1.0,0.0,2.0,1.0,0.0
0.0,0.11727627660441775,6.0,5.0,0.019999980926513672
1.0,0.0,2.0,1.0,0.0009999275207519531
0.0,0.09121578355086915,6.0,5.0,0.006999969482421875
0.0,0.5987355692294668,4.0,3.0,0.006000041961669922
1.0,0.0,2.0,1.0,0.002000093460083008
1.0,0.0,2.0,1.0,0.0019998550415039062
0.0,0.17233494699656982,6.0,5.0,0.0070002079010009766
0.0,0.47916557418524647,5.0,4.0,0.003999948501586914
1.0,0.0,2.0,1.0,0.0
0.0,0.2746811986523679,6.0,5.0,0.0
0.0,0.30154189946878934,5.0,4.0,0.017999887466430664
1.0,0.0,2.0,1.0,0.002000093460083008
0.0,0.7136149446592349,5.0,4.0,0.006000041961669922
0.0,0.09454142464303447,5.0,4.0,0.006000041961669922
0.0,1.391668097257196,4.0,3.0,0.004999876022338867
1.0,0.0,2.0,1.0,0.0009999275207519531
1.0,0.0,2.0,1.0,0.0009999275207519531
0.0,0.3627744659093543,5.0,4.0,0.006000041961669922
0.0,1.4360167158006518,4.0,3.0,0.003999948501586914
0.0,0.546099689959689,6.0,5.0,0.0
1.0,0.0,2.0,1.0,0.0
1.0,0.0,2.0,1.0,0.0
1.0,0.0,2.0,1.0,0.016000032424926758
0.0,0.9626799819841678,5.0,4.0,0.006000041961669922
0.0,0.17973424373406185,5.0,4.0,0.00599980354309082
1.0,0.0,2.0,1.0,0.002000093460083008
0.0,0.3345526618467838,6.0,5.0,0.006999969482421875
0.0,0.420513706381291,5.0,4.0,0.006000041961669922
0.0,2.113969424455894,6.0,5.0,0.006000041961669922
1.0,0.0,2.0,1.0,0.0
1.0,0.0,2.0,1.0,0.0
1.0,0.0,2.0,1.0,0.0
0.0,1.1076485345693496,4.0,3.0,0.0
1.0,0.0,2.0,1.0,0.0
1.0,0.0,2.0,1.0,0.0
0.0,0.49486983103463184,6.0,5.0,0.02200007438659668
1.0,0.0,2.0,1.0,0.0019998550415039062
0.0,1.0018925745601344,4.0,3.0,0.004000186920166016
1.0,0.0,2.0,1.0,0.0009999275207519531
1.0,0.0,2.0,1.0,0.002000093460083008
1.0,0.0,2.0,1.0,0.002000093460083008
0.0,0.06229029995926966,6.0,5.0,0.009000062942504883
0.0,0.3590001843075089,5.0,4.0,0.004999876022338867
1.0,0.0,2.0,1.0,0.0
1.0,0.0,2.0,1.0,0.0
0.0,0.8950994474640084,5.0,4.0,0.0
1.0,0.0,2.0,1.0,0.0
1.0,0.0,2.0,1.0,0.0
0.0,1.036530877984034,5.0,4.0,0.023000001907348633
0.0,0.03838446299947846,6.0,5.0,0.006999969482421875
0.0,0.10670077127667703,6.0,5.0,0.007999897003173828
1.0,0.0,2.0,1.0,0.0009999275207519531
1.0,0.0,2.0,1.0,0.0019998550415039062
1.0,0.0,2.0,1.0,0.0019998550415039062
0.0,0.13069152133831824,6.0,5.0,0.004000186920166016
0.0,0.08875643315963756,5.0,4.0,0.0
0.0,0.03823295005741687,5.0,4.0,0.015999794006347656
0.0,0.06439476749950018,5.0,4.0,0.014999866485595703
1.0,0.0,2.0,1.0,0.002000093460083008
0.0,2.31349892393104,6.0,5.0,0.00800013542175293
0.0,0.13839789342365555,7.0,6.0,0.009999990463256836
0.0,0.03783438418347852,6.0,5.0,0.0
1.0,0.0,2.0,1.0,0.0
0.0,0.14576988557594944,6.0,5.0,0.016000032424926758
1.0,0.0,2.0,1.0,0.0
0.0,0.49979207779635826,5.0,4.0,0.01399993896484375
1.0,0.0,2.0,1.0,0.002000093460083008
0.0,0.910049463684309,5.0,4.0,0.006000041961669922
1.0,0.0,2.0,1.0,0.0009999275207519531
1.0,0.0,2.0,1.0,0.0010001659393310547
1.0,0.0,2.0,1.0,0.0019998550415039062
1.0,0.0,2.0,1.0,0.0010001659393310547
1.0,0.0,2.0,1.0,0.003000020980834961
1.0,0.0,2.0,1.0,0.0
0.0,0.16488743768954942,6.0,5.0,0.0
1.0,0.0,2.0,1.0,0.01399993896484375
0.0,0.2077387408123345,5.0,4.0,0.009000062942504883
0.0,0.21125314049206087,6.0,5.0,0.0070002079010009766
0.0,0.5915897964529824,6.0,5.0,0.006999969482421875
1.0,0.0,2.0,1.0,0.0009999275207519531
0.0,0.15279661387636678,5.0,4.0,0.004999876022338867
0.0,1.0718993810291504,6.0,5.0,0.0
1.0,0.0,2.0,1.0,0.0
1.0,0.0,2.0,1.0,0.0
1.0,0.0,2.0,1.0,0.0
1.0,0.0,2.0,1.0,0.015000104904174805
0.0,1.0071632117112954,5.0,4.0,0.007999897003173828
0.0,2.1752803636037243,6.0,5.0,0.006000041961669922
1.0,0.0,2.0,1.0,0.0010001659393310547
0.0,1.060045972104658,6.0,5.0,0.007999897003173828
1.0,0.0,2.0,1.0,0.002000093460083008
1.0,0.0,2.0,1.0,0.0009999275207519531
1.0,0.0,2.0,1.0,0.0010001659393310547
0.0,0.8944492503565341,5.0,4.0,0.004999876022338867
0.0,1.3586643881452192,5.0,4.0,0.0009999275207519531
1.0,0.0,2.0,1.0,0.0
0.0,1.1321425008343742,6.0,5.0,0.0
0.0,0.03209336057820681,6.0,5.0,0.007999897003173828
0.0,0.5713745733539012,5.0,4.0,0.004999876022338867
0.0,0.721525730022579,5.0,4.0,0.006000041961669922
0.0,0.31332215926785284,5.0,4.0,0.005000114440917969
1.0,0.0,2.0,1.0,0.0009999275207519531
0.0,0.5722117027336936,5.0,4.0,0.005000114440917969
0.0,0.6052624888730336,6.0,5.0,0.002000093460083008
0.0,0.4636986040676754,5.0,4.0,0.0
0.0,0.4266917541634418,6.0,5.0,0.018999814987182617
1.0,0.0,2.0,1.0,0.0009999275207519531
1.0,0.0,2.0,1.0,0.002000093460083008
0.0,1.6739393447796838,6.0,5.0,0.00599980354309082
0.0,2.403686567371818,6.0,5.0,0.00800013542175293
1.0,0.0,2.0,1.0,0.0009999275207519531
1.0,0.0,2.0,1.0,0.0010001659393310547
0.0,0.7039345336115874,5.0,4.0,0.006000041961669922
0.0,0.142184019582253,6.0,5.0,0.003999948501586914
0.0,1.1268293747838702,6.0,5.0,0.0
1.0,0.0,2.0,1.0,0.0
1.0,0.0,2.0,1.0,0.014999866485595703
1.0,0.0,2.0,1.0,0.003000020980834961
0.0,0.20055972304233563,5.0,4.0,0.006000041961669922
1.0,0.0,2.0,1.0,0.0009999275207519531
1.0,0.0,2.0,1.0,0.0009999275207519531
1.0,0.0,2.0,1.0,0.0009999275207519531
0.0,0.0019073956179265549,7.0,6.0,0.007999897003173828
1.0,0.0,2.0,1.0,0.0009999275207519531
0.0,0.04199067536038567,6.0,5.0,0.00599980354309082
0.0,0.2060690160459968,6.0,5.0,0.005000114440917969
0.0,0.4201888180603851,6.0,5.0,0.0
0.0,0.46578919406198954,6.0,5.0,0.019999980926513672
0.0,0.07140463424226758,6.0,5.0,0.006000041961669922
0.0,0.15593517031396595,6.0,5.0,0.00800013542175293
0.0,0.2787919008844159,6.0,5.0,0.006999969482421875
0.0,0.0006162158907260298,7.0,6.0,0.006000041961669922
1.0,0.0,2.0,1.0,0.0
0.0,0.9250160223368874,6.0,5.0,0.0
1.0,0.0,2.0,1.0,0.015000104904174805
0.0,0.8193273276842271,5.0,4.0,0.007999897003173828
0.0,1.1090429057401299,4.0,3.0,0.015000104904174805
1.0,0.0,2.0,1.0,0.0009999275207519531
1.0,0.0,2.0,1.0,0.0010001659393310547
0.0,0.9181635396852669,5.0,4.0,0.004999876022338867
0.0,0.5202843271771092,4.0,3.0,0.003000020980834961
1.0,0.0,2.0,1.0,0.0
0.0,0.2736558050047169,6.0,5.0,0.0
0.0,0.17308745427365602,6.0,5.0,0.021000146865844727
0.0,0.027357174231111035,6.0,5.0,0.006999969482421875
0.0,0.4367827256424173,5.0,4.0,0.006000041961669922
1.0,0.0,2.0,1.0,0.0009999275207519531
0.0,0.5221265181525693,6.0,5.0,0.00599980354309082
1.0,0.0,2.0,1.0,0.002000093460083008
1.0,0.0,2.0,1.0,0.0009999275207519531
0.0,0.2669020240132803,6.0,5.0,0.003000020980834961
0.0,0.1792928162186156,6.0,5.0,0.0
0.0,1.141037706986983,4.0,3.0,0.019999980926513672
0.0,0.2788257670668514,5.0,4.0,0.004999876022338867
1.0,0.0,2.0,1.0,0.0010001659393310547
0.0,0.077984184885366,6.0,5.0,0.006000041961669922
0.0,0.33942099194142655,6.0,5.0,0.006000041961669922
0.0,0.04928257959518482,4.0,3.0,0.003000020980834961
0.0,1.3513770604458977,5.0,4.0,0.0029997825622558594
0.0,1.349960631810093,5.0,4.0,0.0
0.0,0.40090959618174127,5.0,4.0,0.017000198364257812
0.0,0.4136309124383215,5.0,4.0,0.006999969482421875
0.0,0.6349736016454807,6.0,5.0,0.006999969482421875
0.0,0.15612753381196853,5.0,4.0,0.006000041961669922
1.0,0.0,2.0,1.0,0.0
0.0,1.312495414930839,5.0,4.0,0.0
0.0,0.11338260870229287,5.0,4.0,0.014999866485595703
0.0,0.16648475866673876,6.0,5.0,0.0
0.0,0.5768258592184559,5.0,4.0,0.016000032424926758
1.0,0.0,2.0,1.0,0.002000093460083008
1.0,0.0,2.0,1.0,0.0019998550415039062
1.0,0.0,2.0,1.0,0.0010001659393310547
1.0,0.0,2.0,1.0,0.0009999275207519531
1.0,0.0,2.0,1.0,0.002000093460083008
1.0,0.0,2.0,1.0,0.0009999275207519531
0.0,0.3172418361234979,6.0,5.0,0.006000041961669922
0.0,0.2625834002868821,5.0,4.0,0.0
1.0,0.0,2.0,1.0,0.0
0.0,0.5167543510372226,6.0,5.0,0.01699995994567871
0.0,1.694947302299185,5.0,4.0,0.0
0.0,0.22916133645653666,6.0,5.0,0.02500009536743164
1.0,0.0,2.0,1.0,0.002000093460083008
1.0,0.0,2.0,1.0,0.002000093460083008
1.0,0.0,2.0,1.0,0.003000020980834961
1.0,0.0,2.0,1.0,0.002000093460083008
1.0,0.0,2.0,1.0,0.0019998550415039062
1.0,0.0,2.0,1.0,0.0010001659393310547
0.0,0.38600203533118066,6.0,5.0,0.006999969482421875
1.0,0.0,2.0,1.0,0.0
0.0,0.6743560961610241,5.0,4.0,0.0
0.0,0.2014264580684178,5.0,4.0,0.020999908447265625
0.0,1.3766318576647782,6.0,5.0,0.013000011444091797
0.0,0.029927079543462687,6.0,5.0,0.012000083923339844
1.0,0.0,2.0,1.0,0.003000020980834961
0.0,1.2555397775545043,6.0,5.0,0.0
0.0,2.08313427332386,5.0,4.0,0.0
1.0,0.0,2.0,1.0,0.01699995994567871
0.0,0.5067632972972826,6.0,5.0,0.007999897003173828
0.0,0.720123577081629,6.0,5.0,0.0070002079010009766
1.0,0.0,2.0,1.0,0.0009999275207519531
1.0,0.0,2.0,1.0,0.0009999275207519531
0.0,0.8809955535391348,6.0,5.0,0.006999969482421875
0.0,0.7075222522725536,5.0,4.0,0.005000114440917969
1.0,0.0,2.0,1.0,0.0
0.0,0.06012056198611726,5.0,4.0,0.0
0.0,1.0242558549847498,5.0,4.0,0.023000001907348633
0.0,0.7437722852242403,5.0,4.0,0.006000041961669922
1.0,0.0,2.0,1.0,0.0019998550415039062
1.0,0.0,2.0,1.0,0.002000093460083008
0.0,1.6936326075413788,5.0,4.0,0.009000062942504883
1.0,0.0,2.0,1.0,0.0009999275207519531
1.0,0.0,2.0,1.0,0.0009999275207519531
0.0,0.6705581327078487,5.0,4.0,0.003999948501586914
0.0,0.10043303920487236,6.0,5.0,0.0
1.0,0.0,2.0,1.0,0.0
1.0,0.0,2.0,1.0,0.0
1.0,0.0,2.0,1.0,0.0
0.0,0.09542254116918325,6.0,5.0,0.029999971389770508
0.0,0.8815337827384429,5.0,4.0,0.006000041961669922
1.0,0.0,2.0,1.0,0.0010001659393310547
0.0,1.2732916961259444,5.0,4.0,0.004999876022338867
1.0,0.0,2.0,1.0,0.0010001659393310547
0.0,0.31715549025009454,5.0,4.0,0.004999876022338867
0.0,1.3752893054241053,5.0,4.0,0.0
0.0,0.08486014465823245,6.0,5.0,0.0
1.0,0.0,2.0,1.0,0.016000032424926758
1.0,0.0,2.0,1.0,0.002000093460083008
0.0,0.2395411321979631,6.0,5.0,0.006999969482421875
0.0,0.4613096837894104,6.0,5.0,0.00800013542175293
0.0,1.2274510220731076,5.0,4.0,0.00599980354309082
1.0,0.0,2.0,1.0,0.0010001659393310547
0.0,0.23844669538424113,7.0,6.0,0.006999969482421875
0.0,1.9079896144213484,4.0,3.0,0.0
0.0,1.8861828634838245,6.0,5.0,0.0
1.0,0.0,2.0,1.0,0.0
1.0,0.0,2.0,1.0,0.002000093460083008
0.0,0.18158239345104088,5.0,4.0,0.006999969482421875
0.0,1.9920355987749911,5.0,4.0,0.005000114440917969
1.0,0.0,2.0,1.0,0.0019998550415039062
0.0,0.15999960878825964,6.0,5.0,0.0070002079010009766
1.0,0.0,2.0,1.0,0.0009999275207519531
0.0,0.07348304667356756,6.0,5.0,0.006999969482421875
1.0,0.0,2.0,1.0,0.0
0.0,0.1675606135719512,7.0,6.0,0.0
0.0,0.21060882460364386,6.0,5.0,0.01900005340576172
0.0,0.012015554096177182,6.0,5.0,0.006999969482421875
0.0,0.529346037735267,5.0,4.0,0.006000041961669922
0.0,0.6465154541214027,5.0,4.0,0.006000041961669922
0.0,0.054569469366243684,6.0,5.0,0.006000041961669922
0.0,0.8867859592485623,6.0,5.0,0.003999948501586914
0.0,0.1060196388903048,6.0,5.0,0.0
0.0,1.507178355084192,5.0,4.0,0.01900005340576172
0.0,1.1878746966686817,4.0,3.0,0.005000114440917969
1.0,0.0,2.0,1.0,0.0019998550415039062
